,ItemID,item,포털_기능,원료,섭취방법,주의사항,insta,youtube,맛,맛 상세,재구매의사,목넘김,기능,cluster1,cluster2,cluster3,cluster4,cluster5
0,0,3초습관플러스타민종합영양제,,,,,0,0,맛_모름,맛상세_없음,재구매의사_모름,목넘김_모름,피로회복,0,0,0,1,0
1,1,GNC데일리이뮨멀티비타민,,,,,0,0,맛_모름,맛상세_없음,재구매의사_모름,좋음,피로회복,0,0,0,1,0
2,2,GNC메가맨50플러스1+1,,,,,0,0,맛_모름,단맛,재구매의사_모름,목넘김_모름,피로회복,0,0,0,1,0
3,3,GNC메가맨스포츠멀티비타민&미네랄,,,,,0,0,맛_모름,맛상세_없음,있음,목넘김_모름,피로회복,0,0,1,0,0
4,4,GNC메가맨원데일리멀티비타민앤미네랄38.,,,,,0,0,맛_모름,맛상세_없음,재구매의사_모름,목넘김_모름,피로회복,0,0,0,1,0
5,5,GNC메가틴멀티비타민앤미네랄,,,,,1,0,맛_모름,단맛 신맛,있음,목넘김_모름,"피로회복
장건강",1,0,1,1,0
6,6,GNC밀크씨슬,,,,,1,0,맛_모름,단맛 신맛,재구매의사_모름,불편,피로회복,0,0,0,1,0
7,7,GNC오늘부터+멀티비타민포맨,,,,,0,0,맛_모름,신맛,재구매의사_모름,목넘김_모름,피로회복,0,0,0,1,0
8,8,GNC올리닉비타액션,,,,,0,0,맛_모름,신맛 단맛,있음,목넘김_모름,피로회복,0,0,1,1,0
9,9,GNC우먼스울트라메가액티브비타민&미네랄,,,,,0,0,맛_모름,신맛,있음,목넘김_모름,피로회복,0,0,1,0,0
10,10,GNC츄어블멀티비타민,,,,,0,0,맛_모름,맛상세_없음,재구매의사_모름,목넘김_모름,피로회복,0,0,0,1,0
11,11,GNC비타민B,,,,,0,0,맛_모름,맛상세_없음,있음,목넘김_모름,피로회복,0,0,1,0,0
12,12,GNM올인원이뮨액상종합비타민/비오틴비타민D아연비타민C비타민B,,,,,0,0,맛있다,신맛 단맛,있음,목넘김_모름,피로회복,0,0,1,0,0
13,13,GNM종합비타민미네랄15/멀티비타민비오틴아연엽산비타민BCD,,,,,1,0,맛_모름,신맛 단맛,있음,좋음,피로회복,1,0,0,0,0
14,14,GNM자연의품격rTG알티지오메가3,,,,,0,0,맛_모름,단맛 신맛,재구매의사_모름,목넘김_모름,"피로회복
질건강
장건강",1,0,0,1,0
15,15,GNM자연의품격종합비타민미네랄15,,,,,1,0,맛_모름,신맛 단맛,있음,좋음,피로회복,1,0,0,0,0
16,16,GNM자연의품격총12개월분GNM메가비타민C3000/비타민씨분말가루,,,,,0,0,맛_모름,맛상세_없음,재구매의사_모름,목넘김_모름,피로회복,0,0,0,1,0
17,17,HeroNutritional야미베어어린이멀티비타민앤미네랄과일맛,,,,,1,0,맛있다,단맛 부정 신맛 우유맛,있음,목넘김_모름,"피로회복
장건강",0,1,1,0,0
18,18,KS365비타민C&D아연,,,,,0,0,맛있다,단맛 신맛,있음,불편,피로회복,0,0,1,0,0
19,19,RU21비타민C4.,,,,,0,0,맛_모름,맛상세_없음,재구매의사_모름,목넘김_모름,피로회복,0,0,0,1,0
20,20,RainbowLight맨스원멀티비타민,,,,,0,0,맛있다,단맛 신맛,있음,목넘김_모름,피로회복,0,0,1,0,0
21,21,ThorneResearchbasicnutrients2-day비타민,,,,,1,0,맛_모름,신맛 단맛,있음,목넘김_모름,피로회복,0,0,1,1,0
22,22,Vitacraves원어데이포힘틴멀티,,,,,0,0,맛_모름,맛상세_없음,재구매의사_모름,목넘김_모름,피로회복,0,0,0,1,0
23,23,경남레모나산,,,,,0,0,맛있다,신맛 과일맛,있음,목넘김_모름,피로회복,0,0,1,0,0
24,24,경남제약레모나산손흥민에디션,,,,,0,0,맛있다,신맛 단맛,있음,목넘김_모름,피로회복,0,0,1,0,0
25,25,경남제약레모나산틴케이스,,,,,0,0,맛있다,신맛 단맛,재구매의사_모름,불편,피로회복,0,0,1,1,0
26,26,경남제약헬스케어케어플러스비타민C1000,,,,,1,0,맛_모름,신맛,재구매의사_모름,목넘김_모름,피로회복,0,0,0,1,0
27,27,고려은단멀티비타민올인원,,,,,1,1,맛_모름,신맛 부정 단맛,있음,좋음,"피로회복
피부",1,0,0,0,0
28,28,고려은단멀티비타민올인원이지,,,,,0,1,맛_모름,신맛 단맛,있음,목넘김_모름,피로회복,0,0,1,1,0
29,29,고려은단메가도스B,,,,,1,0,맛_모름,단맛 부정,재구매의사_모름,목넘김_모름,피로회복,0,0,0,1,0
30,30,고려은단메가도스B 비타민B군,,,,,0,0,맛_모름,신맛,재구매의사_모름,목넘김_모름,피로회복,0,0,0,1,0
31,31,고려은단메가도스C비타민C3000mg,,,,,0,0,맛_모름,신맛 단맛,재구매의사_모름,목넘김_모름,피로회복,0,0,0,1,0
32,32,고려은단메가도스D비타민D4000IU,,,,,0,0,맛_모름,단맛,있음,목넘김_모름,피로회복,0,0,0,1,0
33,33,고려은단비타민,,,,,0,0,맛_모름,맛상세_없음,재구매의사_모름,목넘김_모름,피로회복,0,0,0,1,0
34,34,고려은단비타민C1000,,,,,1,0,맛있다,신맛 과일맛 부정 단맛,있음,목넘김_모름,피로회복,0,0,1,0,0
35,35,고려은단비타민C1000이지+비타민D,,,,,1,0,맛_모름,신맛,있음,목넘김_모름,피로회복,0,0,1,0,0
36,36,고려은단비타민C골드플러스,,,,,1,0,맛_모름,신맛 단맛,있음,목넘김_모름,피로회복,0,0,1,1,0
37,37,골리애플사이다비니거,,,,,1,0,맛있다,신맛 단맛,있음,목넘김_모름,피로회복,0,0,1,0,0
38,38,광동비타500데일리스틱,,,,,0,0,맛있다,단맛 신맛,있음,목넘김_모름,피로회복,0,0,1,0,0
39,39,구디뮤이뮨다이렉트스틱,,,,,0,0,맛없다,단맛 과일맛 부정 신맛,재구매의사_모름,목넘김_모름,피로회복,0,0,1,1,0
40,40,구디카이비타민B12,,,,,0,0,맛있다,신맛 과일맛 단맛,있음,목넘김_모름,피로회복,0,0,1,0,0
41,41,국내산비타민,,,,,0,0,맛있다,신맛 단맛,있음,목넘김_모름,"피로회복
질건강
장건강",0,1,1,0,0
42,42,귀여운내친구곰탱이프로바이오비타민캔디,,,,,1,0,맛있다,단맛 과일맛 부정,있음,목넘김_모름,피로회복,0,0,1,0,0
43,43,그린몬스터맥스츄어블비타민D4000IU,,,,,1,0,맛있다,과일맛,있음,목넘김_모름,피로회복,0,0,1,0,0
44,44,나우푸드로우마카750mg베지캡슐,,,,,0,0,맛_모름,신맛 단맛,있음,목넘김_모름,피로회복,0,0,1,1,0
45,45,나우푸드비타민D-310000IU소프트젤,,,,,1,0,맛_모름,단맛,있음,목넘김_모름,피로회복,0,0,0,1,0
46,46,나우푸드항산화비타민C-1000,,,,,1,0,맛_모름,신맛,있음,목넘김_모름,피로회복,0,0,1,0,0
47,47,네이처메이드비타민B에너지,,,,,0,0,맛_모름,단맛,재구매의사_모름,목넘김_모름,피로회복,0,0,0,1,0
48,48,네이처메이드슈퍼B에너지,,,,,0,0,맛_모름,단맛 신맛,재구매의사_모름,목넘김_모름,피로회복,0,0,0,1,0
49,49,네이처메이드액티브데일리멀티3종택1,,,,,0,0,맛_모름,신맛,재구매의사_모름,목넘김_모름,피로회복,0,0,0,1,0
50,50,네이처메이드액티브데일리멀티포맨,,,,,0,0,맛_모름,맛상세_없음,있음,목넘김_모름,피로회복,0,0,1,0,0
51,51,네이처메이드액티브데일리멀티포올,,,,,0,0,맛_모름,단맛 부정 신맛,있음,목넘김_모름,피로회복,0,0,1,1,0
52,52,네이처메이드액티브데일리멀티포우먼,,,,,1,0,맛_모름,맛상세_없음,있음,좋음,피로회복,1,0,0,0,0
53,53,"네이처메이드액티브데일리멀티포우먼+칼슘,마그네슘,아연,비타민D",,,,,1,0,맛_모름,신맛,재구매의사_모름,목넘김_모름,피로회복,0,0,0,1,0
54,54,네이처메이드액티브데일리멀티포우먼비타민영양제,,,,,0,0,맛_모름,신맛 단맛,있음,목넘김_모름,피로회복,0,0,1,1,0
55,55,"네이처메이드칼슘,마그네슘,아연,비타민D",,,,,1,0,맛_모름,맛상세_없음,있음,목넘김_모름,피로회복,0,0,1,0,0
56,56,네이처메이드커플멀티비타민,,,,,1,0,맛있다,신맛 단맛,있음,불편,피로회복,0,0,1,0,0
57,57,네이처스바운티비타민C+아연,,,,,1,0,맛있다,맛상세_없음,재구매의사_모름,목넘김_모름,피로회복,0,0,1,0,0
58,58,네이처스웨이비타비타민C,,,,,1,0,맛있다,단맛 과일맛,재구매의사_모름,목넘김_모름,피로회복,0,0,1,1,0
59,59,네이처스웨이비타비타민D1000IU,,,,,0,0,맛있다,단맛 과일맛 신맛,있음,목넘김_모름,피로회복,0,0,1,0,0
60,60,네이처스웨이키즈비타멀티비타민,,,,,0,0,맛있다,단맛 신맛,재구매의사_모름,목넘김_모름,피로회복,0,0,1,1,0
61,61,네이처스웨이키즈비타비타민C&아연,,,,,0,0,맛_모름,맛상세_없음,있음,목넘김_모름,피로회복,0,0,1,0,0
62,62,네이처스웨이패밀리비타비타민C,,,,,1,0,맛있다,단맛 과일맛 신맛,재구매의사_모름,목넘김_모름,피로회복,0,0,1,1,0
63,63,네이처스웨이패밀리비타비타민D1000IU,,,,,1,0,맛있다,단맛 과일맛 신맛,재구매의사_모름,목넘김_모름,피로회복,0,0,1,1,0
64,64,네이쳐스웨이얼라이브원스데일리멘스우먼스50+멀티비타민2종,,,,,0,0,맛_모름,신맛 단맛,있음,불편,피로회복,1,0,0,1,0
65,65,네이쳐스웨이얼라이브!맥스3데일리맥스포텐시멀티-비타민,,,,,1,0,맛있다,신맛,재구매의사_모름,목넘김_모름,"피로회복
장건강",0,0,1,0,0
66,66,네이쳐스웨이얼라이브!우먼스50+멀티비타민,,,,,0,0,맛있다,신맛 과일맛 단맛,있음,목넘김_모름,피로회복,0,0,1,0,0
67,67,네이쳐스웨이얼라이브!원스데일리맨50+울트라포텐시멀티-비타민,,,,,0,0,맛_모름,단맛 신맛,있음,불편,피로회복,1,0,0,1,0
68,68,네이쳐스웨이얼라이브!원스데일리맨울트라포텐시멀티-비타민,,,,,1,0,맛_모름,신맛 단맛,있음,목넘김_모름,"피로회복
장건강",1,0,1,1,0
69,69,네이쳐스웨이얼라이브!원스데일리우먼50+울트라포텐시멀티-비타민,,,,,0,0,맛_모름,신맛 단맛,있음,목넘김_모름,피로회복,0,0,1,1,0
70,70,네추럴라이즈로얄비타민캡슐,,,,,0,0,맛_모름,신맛 단맛,있음,목넘김_모름,피로회복,0,0,1,1,0
71,71,네추럴라이즈멀티비타민,,,,,0,0,맛있다,신맛 단맛,있음,목넘김_모름,피로회복,0,0,1,0,0
72,72,네추럴라이즈멀티비타민앤멀티미네랄포맨,,,,,0,0,맛_모름,맛상세_없음,있음,목넘김_모름,피로회복,0,0,1,0,0
73,73,네추럴라이즈비타민C앤아연,,,,,0,0,맛있다,신맛,재구매의사_모름,목넘김_모름,피로회복,0,0,1,0,0
74,74,네추럴라이즈비타민E&셀레늄,,,,,0,0,맛_모름,신맛,재구매의사_모름,목넘김_모름,피로회복,0,0,0,1,0
75,75,네추럴라이즈슈퍼그린멀티비타민앤미네랄,,,,,0,0,맛_모름,신맛,있음,목넘김_모름,피로회복,0,0,1,0,0
76,76,네추럴라이즈울트라비타민B,,,,,0,0,맛_모름,신맛 단맛,있음,목넘김_모름,피로회복,0,0,1,1,0
77,77,네추럴라이즈칼슘앤비타민D,,,,,0,0,맛있다,맛상세_없음,재구매의사_모름,목넘김_모름,피로회복,0,0,1,0,0
78,78,네추럴라이즈활성비타민B-100,,,,,1,0,맛_모름,신맛 단맛,있음,목넘김_모름,피로회복,0,0,1,1,0
79,79,뉴오리진비타민D,,,,,0,0,맛_모름,단맛 부정,있음,불편,피로회복,1,0,0,1,0
80,80,뉴트리디데이시그니처파이토이뮨멀티비타민앤미네랄,,,,,1,0,맛_모름,단맛 과일맛 신맛,있음,목넘김_모름,피로회복,0,0,1,1,0
81,81,뉴트리디데이키즈짜먹는비타쭈비타민아연젤리,,,,,0,0,맛있다,단맛 과일맛 신맛,있음,목넘김_모름,"피로회복
질건강
장건강",0,0,1,0,0
82,82,뉴트리디데이프리미엄간건강밀크씨슬플러스,,,,,0,0,맛_모름,신맛 단맛,재구매의사_모름,목넘김_모름,"피로회복
질건강",0,0,0,1,0
83,83,뉴트리디데이프리미엄루테인오메가3골드,,,,,0,0,맛_모름,신맛 단맛,있음,불편,"피로회복
장건강",1,0,0,1,0
84,84,뉴트리디데이프리미엄루테인오메가3골드3개월분,,,,,0,0,맛_모름,신맛 단맛,없음,불편,"피로회복
장건강",1,0,0,1,0
85,85,뉴트리디데이프리미엄멀티비타민골드,,,,,1,0,맛_모름,신맛,재구매의사_모름,좋음,피로회복,1,0,0,0,0
86,86,뉴트리디데이프리미엄멀티비타민앤미네랄츄어블타입,,,,,1,0,맛있다,단맛 신맛,있음,목넘김_모름,"피로회복
장건강",0,1,1,0,0
87,87,뉴트리디데이프리미엄비타민B골드,,,,,0,0,맛_모름,단맛 신맛,재구매의사_모름,목넘김_모름,"피로회복
질건강
장건강",1,0,0,1,0
88,88,뉴트리디데이프리미엄오메가3골드1100,,,,,1,0,맛_모름,단맛,있음,목넘김_모름,피로회복,0,0,0,1,0
89,89,뉴트리디데이프리미엄프로폴리스,,,,,0,0,맛_모름,단맛 신맛,있음,불편,피로회복,1,0,0,1,0
90,90,뉴트리디데이프리미엄피쉬콜라겐,,,,,0,0,맛_모름,단맛 신맛,재구매의사_모름,목넘김_모름,피로회복,0,0,0,1,0
91,91,뉴트리원멀티비타민미네랄139,,,,,0,0,맛_모름,맛상세_없음,있음,목넘김_모름,피로회복,0,0,1,0,0
92,92,뉴트리원멀티비타민미네랄139종합영양제비타민13종미네랄9종22종영양소프리미엄온가족종합비타민,,,,,1,0,맛있다,단맛 신맛,재구매의사_모름,목넘김_모름,피로회복,0,0,1,1,0
93,93,뉴트리원멀티비타민종합비타민미네랄139,,,,,0,0,맛있다,단맛 신맛,재구매의사_모름,목넘김_모름,피로회복,0,0,1,1,0
94,94,뉴트리원멀티비타민종합비타민오메가3EPADHA,,,,,0,0,맛_모름,신맛 단맛,재구매의사_모름,목넘김_모름,피로회복,0,0,0,1,0
95,95,뉴트리원브레인알파피에스포스파티딜세린,,,,,0,0,맛_모름,신맛 단맛,있음,목넘김_모름,"피로회복
질건강
장건강",1,0,1,1,0
96,96,뉴트리원비비랩더엘라스틴히알루론산,,,,,0,0,맛있다,단맛 과일맛 신맛,있음,목넘김_모름,피로회복,0,0,1,0,0
97,97,뉴트리원비비랩더콜라겐업,,,,,1,0,맛있다,신맛 과일맛 단맛,재구매의사_모름,목넘김_모름,피로회복,0,0,1,1,0
98,98,뉴트리원비타던스멀티비타민종합비타민,,,,,0,0,맛있다,신맛 단맛,있음,목넘김_모름,피로회복,0,0,1,0,0
99,99,뉴트리원비타슈넬프리미엄이노시톨2000,,,,,0,0,맛있다,단맛 풍선껌맛 과일맛 신맛,재구매의사_모름,목넘김_모름,피로회복,0,0,1,1,0
100,100,뉴트리원라이프비타슈넬비타민C아연,,,,,0,0,맛_모름,신맛,재구매의사_모름,목넘김_모름,피로회복,0,0,0,1,0
101,101,뉴트리코어멀티비타민미네랄,,,,,0,0,맛_모름,신맛 단맛,있음,목넘김_모름,피로회복,0,0,1,1,0
102,102,뉴트리코어유기농밀크씨슬,,,,,0,0,맛_모름,신맛 단맛,있음,불편,"피로회복
질건강
장건강",1,0,0,1,0
103,103,뉴트립멀티비타민,,,,,0,0,맛_모름,맛상세_없음,없음,목넘김_모름,피로회복,0,0,0,1,0
104,104,뉴트립비타민D4000IU,,,,,0,0,맛있다,단맛 과일맛 신맛,있음,목넘김_모름,피로회복,0,0,1,0,0
105,105,니몸내몸영양젤리3종,,,,,1,0,맛있다,신맛 과일맛 단맛,있음,목넘김_모름,피로회복,0,0,1,0,0
106,106,니몸내몸영양젤리멀티비타민모음,,,,,0,0,맛있다,맛상세_없음,재구매의사_모름,목넘김_모름,피로회복,0,0,1,0,0
107,107,니몸내몸영양젤리비타민C+비타민D+루테인,,,,,0,0,맛있다,신맛 과일맛 단맛,있음,목넘김_모름,"피로회복
장건강",0,1,1,0,0
108,108,니몸내몸집중젤리,,,,,0,0,맛있다,신맛 과일맛 단맛,재구매의사_모름,목넘김_모름,피로회복,0,0,1,1,0
109,109,니몸내몸한방충전멀티비타민,,,,,0,0,맛있다,신맛 과일맛 단맛,재구매의사_모름,목넘김_모름,피로회복,0,0,1,1,0
110,110,닥터브라이언복숭아맛비타민CD3000,,,,,0,0,맛있다,단맛 과일맛 신맛,있음,목넘김_모름,피로회복,0,0,1,0,0
111,111,닥터브라이언빌베리루테인비타민A,,,,,1,0,맛_모름,맛상세_없음,재구매의사_모름,목넘김_모름,피로회복,0,0,0,1,0
112,112,닥터브라이언써니업비타민D파인애플맛,,,,,0,0,맛있다,단맛 과일맛 신맛,있음,목넘김_모름,피로회복,0,0,1,0,0
113,113,닥터스베스트MSM1500mg,,,,,0,1,맛_모름,신맛 단맛,재구매의사_모름,불편,피로회복,0,0,0,1,0
114,114,닥터스베스트멀티-비타민베지캡슐철분불포함글루텐프리비건,,,,,0,1,맛_모름,맛상세_없음,재구매의사_모름,목넘김_모름,피로회복,0,0,0,1,0
115,115,닥터스베스트엠에스엠1500,,,,,0,1,맛_모름,신맛 단맛,있음,목넘김_모름,피로회복,0,0,1,1,0
116,116,닥터스베스트하이앱솔션CoQ10100mg소프트젤,,,,,0,1,맛_모름,신맛 단맛,있음,불편,피로회복,1,0,0,1,0
117,117,닥터팜MSM2000아연비타민D,,,,,0,0,맛_모름,맛상세_없음,있음,목넘김_모름,피로회복,0,0,1,0,0
118,118,닥터팜비타민D4000IU,,,,,0,0,맛_모름,맛상세_없음,재구매의사_모름,좋음,피로회복,0,0,0,1,0
119,119,닥터피플쎈탁스멀티비타민미네랄,,,,,0,0,맛_모름,단맛 신맛,있음,불편,"피로회복
질건강",1,0,0,1,0
120,120,대웅제약에너씨슬밀크씨슬간건강,,,,,0,0,맛_모름,신맛 단맛,있음,목넘김_모름,피로회복,0,0,1,1,0
121,121,대웅제약우루샷피로회복멀티비타민UDCA포함,,,,,0,0,맛_모름,단맛 신맛,재구매의사_모름,목넘김_모름,피로회복,0,0,0,1,0
122,122,덴프스비타민B츄어블,,,,,0,0,맛_모름,단맛 과일맛 신맛,있음,목넘김_모름,피로회복,0,0,1,1,0
123,123,덴프스비타민D츄어블4000IU,,,,,1,0,맛있다,신맛 단맛,재구매의사_모름,목넘김_모름,피로회복,0,0,1,1,0
124,124,덴프스트루바이타민멀티비타민,,,,,0,0,맛_모름,단맛 신맛,있음,목넘김_모름,피로회복,0,0,1,1,0
125,125,덴프스트루바이타민I,,,,,0,0,맛_모름,단맛 신맛,있음,좋음,피로회복,1,0,0,0,0
126,126,덴프스트루바이타민키즈,,,,,0,0,맛있다,과일맛 부정,있음,목넘김_모름,피로회복,0,0,1,0,0
127,127,디에센셜데이팩멀티비타민,,,,,0,0,맛_모름,신맛,재구매의사_모름,목넘김_모름,"피로회복
장건강",1,0,0,1,0
128,128,라이프익스텐션비타마인드D앤K캡슐,,,,,0,0,맛_모름,신맛 단맛,재구매의사_모름,목넘김_모름,"피로회복
질건강",0,0,0,1,0
129,129,라이프케어비타민C3000,,,,,0,0,맛있다,신맛 부정 단맛,있음,목넘김_모름,"피로회복
장건강",0,1,1,0,0
130,130,라이프케어비타민C3000영국산비타민,,,,,0,0,맛_모름,맛상세_없음,재구매의사_모름,목넘김_모름,피로회복,0,0,0,1,0
131,131,라이프케어비타민D4000IU,,,,,0,0,맛_모름,신맛,있음,목넘김_모름,"피로회복
피부",1,0,1,0,0
132,132,락티브멀티케어종합비타민미네랄,,,,,0,0,맛_모름,신맛,재구매의사_모름,목넘김_모름,피로회복,0,0,0,1,0
133,133,레모나S산비타민+선물용,,,,,0,0,맛_모름,신맛 부정 단맛,있음,목넘김_모름,"피로회복
질건강",1,0,1,1,0
134,134,레모나상큼한비타민레모나에스산,,,,,0,0,맛_모름,단맛 부정 신맛,있음,목넘김_모름,피로회복,0,0,1,1,0
135,135,레인보우라이트써니비타민D31000IU레몬,,,,,1,0,맛있다,신맛 과일맛 단맛,있음,목넘김_모름,"피로회복
장건강",0,1,1,0,0
136,136,로그네이처천연종합멀티비타민미네랄무부형제캡슐영양제,,,,,0,0,맛_모름,단맛 신맛,있음,목넘김_모름,피로회복,0,0,1,1,0
137,137,로니웰토탈케어멀티비타민츄어블선물,,,,,0,0,맛_모름,맛상세_없음,있음,목넘김_모름,피로회복,0,0,1,0,0
138,138,로보카폴리NEW비타D,,,,,0,0,맛있다,단맛 과일맛 신맛,있음,목넘김_모름,피로회복,0,0,1,0,0
139,139,로보카폴리비타D플러스복숭아맛캔디,,,,,0,0,맛있다,맛상세_없음,재구매의사_모름,목넘김_모름,피로회복,0,0,1,0,0
140,140,로트벡쉔11비타민플러스그린,,,,,0,0,맛있다,단맛 과일맛,있음,목넘김_모름,피로회복,0,0,1,0,0
141,141,로트벡쉔바이탈비타민D,,,,,0,0,맛있다,신맛,있음,목넘김_모름,피로회복,0,0,1,0,0
142,142,로트벡쉔비타민D미니,,,,,0,0,맛있다,신맛,재구매의사_모름,목넘김_모름,피로회복,0,0,1,0,0
143,143,로트벡쉔이뮨샷고함량액상비타민3병입,,,,,0,0,맛_모름,맛상세_없음,재구매의사_모름,목넘김_모름,피로회복,0,0,0,1,0
144,144,로트벡쉔이뮨샷올인원비타민플러스,,,,,0,0,맛있다,단맛 부정 신맛,재구매의사_모름,목넘김_모름,피로회복,0,0,1,1,0
145,145,로트벡쉔이뮨킥12멀티비타민+아연,,,,,0,0,맛_모름,맛상세_없음,재구매의사_모름,목넘김_모름,피로회복,0,0,0,1,0
146,146,리얼닥터멀티비타민123미네랄,,,,,0,0,맛_모름,맛상세_없음,재구매의사_모름,목넘김_모름,피로회복,0,0,0,1,0
147,147,리얼닥터비타민D5000IU,,,,,0,0,맛_모름,맛상세_없음,재구매의사_모름,목넘김_모름,피로회복,0,0,0,1,0
148,148,리즈랩바이알이뮨,,,,,0,0,맛있다,단맛 과일맛 부정 부정 신맛,없음,좋음,피로회복,0,1,1,0,0
149,149,리즈랩바이알이뮨멀티비타민,,,,,0,0,맛있다,단맛 과일맛 부정 신맛,재구매의사_모름,목넘김_모름,피로회복,0,0,1,1,0
150,150,리턴업발효플러스비타민40,,,,,0,0,맛_모름,맛상세_없음,있음,목넘김_모름,피로회복,0,0,1,0,0
151,151,리턴업발효플러스비타민60,,,,,0,0,맛_모름,신맛,있음,목넘김_모름,피로회복,0,0,1,0,0
152,152,리턴업발효플러스비타민베이직,,,,,0,0,맛_모름,신맛,있음,목넘김_모름,피로회복,0,0,1,0,0
153,153,리턴업발효플러스비타민에너지케어,,,,,0,0,맛_모름,단맛 부정,있음,목넘김_모름,피로회복,0,0,1,1,0
154,154,릴크리터스바이트비타민,,,,,0,0,맛있다,단맛 과일맛 신맛 부정,재구매의사_모름,목넘김_모름,피로회복,0,0,1,1,0
155,155,마이니생생톡톡비타C,,,,,0,0,맛있다,단맛 과일맛 신맛,있음,목넘김_모름,피로회복,0,0,1,0,0
156,156,마이니슈퍼비스트레스피로케어,,,,,0,0,맛_모름,단맛 신맛,없음,목넘김_모름,피로회복,0,0,1,1,0
157,157,마이카인드맘스멀티비타민,,,,,0,0,맛_모름,신맛,재구매의사_모름,목넘김_모름,피로회복,0,0,0,1,0
158,158,마이카인드유기농맘스멀티비타민,,,,,1,0,맛_모름,단맛 신맛,있음,목넘김_모름,피로회복,0,0,1,1,0
159,159,마이카인드유기농멀티비타민2종,,,,,0,0,맛_모름,맛상세_없음,있음,목넘김_모름,피로회복,0,0,1,0,0
160,160,마이카인드유기농비타민C스프레이58ml,,,,,0,0,맛있다,단맛 과일맛 신맛,있음,목넘김_모름,피로회복,0,0,1,0,0
161,161,마이카인드유기농비타민C&비타민D,,,,,0,0,맛_모름,맛상세_없음,재구매의사_모름,목넘김_모름,피로회복,0,0,0,1,0
162,162,머거요코어이노시톨,,,,,0,0,맛있다,신맛 단맛,재구매의사_모름,목넘김_모름,"피로회복
질건강
장건강",0,0,1,1,0
163,163,미니막스정글비타민D,,,,,0,0,맛있다,신맛 과일맛 단맛 부정,있음,목넘김_모름,피로회복,0,0,1,0,0
164,164,미쁨생활건강데일리멀티팩4,,,,,0,0,맛_모름,단맛,재구매의사_모름,목넘김_모름,피로회복,0,0,0,1,0
165,165,바디닥터스멀티비타민미네랄영양제,,,,,0,0,맛_모름,신맛 단맛,재구매의사_모름,불편,피로회복,0,0,0,1,0
166,166,바이엘베로카3개/발포비타민B,,,,,0,0,맛있다,신맛 과일맛 단맛,재구매의사_모름,목넘김_모름,피로회복,0,0,1,1,0
167,167,바이엘원데이멘스멀티비타민,,,,,0,0,맛_모름,단맛,재구매의사_모름,목넘김_모름,피로회복,0,0,0,1,0
168,168,바이탈뷰티데일리비타민츄어블,,,,,0,0,맛있다,단맛 과일맛 신맛,있음,목넘김_모름,피로회복,0,0,1,0,0
169,169,바이탈뷰티데일리비타민츄어블30일분,,,,,0,0,맛있다,신맛 과일맛,있음,목넘김_모름,피로회복,0,0,1,0,0
170,170,바이트비타민,,,,,0,0,맛있다,단맛,있음,목넘김_모름,피로회복,0,0,1,0,0
171,171,베로카발포비타민,,,,,0,0,맛_모름,신맛 단맛,재구매의사_모름,목넘김_모름,피로회복,0,0,0,1,0
172,172,베스처루테인플러스오메가3멀티비타민앤미네랄,,,,,0,0,맛_모름,맛상세_없음,재구매의사_모름,목넘김_모름,피로회복,0,0,0,1,0
173,173,보스코뉴트리4,,,,,0,0,맛_모름,신맛 단맛,있음,목넘김_모름,피로회복,0,0,0,0,0
174,174,블랙모어스B플러스면역,,,,,1,0,맛_모름,신맛,있음,목넘김_모름,피로회복,0,0,1,0,0
175,175,블랙모어스멀티비타민포맨,,,,,0,0,맛_모름,신맛,재구매의사_모름,목넘김_모름,피로회복,0,0,0,1,0
176,176,블랙모어스멀티비타민포우먼,,,,,0,0,맛_모름,단맛,재구매의사_모름,목넘김_모름,피로회복,0,0,0,1,0
177,177,블랙모어스멀티비타민플러스에너지,,,,,0,0,맛_모름,신맛,있음,불편,피로회복,1,0,0,0,0
178,178,블랙모어스멀티비타민플러스에너지트윈,,,,,0,0,맛_모름,단맛,있음,목넘김_모름,피로회복,0,0,0,1,0
179,179,블랙모어스칼슘마그네슘플러스비타민D,,,,,0,0,맛_모름,맛상세_없음,있음,좋음,피로회복,1,0,0,0,0
180,180,비비랩뉴트리원저분자콜라겐선물,,,,,0,0,맛_모름,맛상세_없음,재구매의사_모름,목넘김_모름,피로회복,0,0,0,1,0
181,181,비비랩모로오렌지C,,,,,0,0,맛없다,단맛 신맛,재구매의사_모름,목넘김_모름,피로회복,0,0,1,1,0
182,182,비비랩에너지포텐샷,,,,,0,0,맛없다,신맛 과일맛 단맛 부정,있음,목넘김_모름,피로회복,0,1,1,0,0
183,183,비욘드비타영국산메가비타민C3000울트라파인,,,,,0,0,맛_모름,맛상세_없음,재구매의사_모름,목넘김_모름,피로회복,0,0,0,1,0
184,184,비타그란비타민C,,,,,0,0,맛있다,단맛 신맛,있음,목넘김_모름,피로회복,0,0,1,0,0
185,185,비타그란비타민C젤리오렌지맛15개입,,,,,0,0,맛있다,신맛 과일맛 단맛,있음,목넘김_모름,피로회복,0,0,1,0,0
186,186,비타그란비타민C젤리포도맛15개입,,,,,0,0,맛있다,단맛 과일맛 신맛,있음,목넘김_모름,"피로회복
질건강",0,0,1,0,0
187,187,비타그란비타민C츄어블,,,,,0,0,맛있다,단맛 과일맛,재구매의사_모름,목넘김_모름,피로회복,0,0,1,1,0
188,188,비타그란비타민C1000,,,,,0,0,맛_모름,단맛,재구매의사_모름,목넘김_모름,피로회복,0,0,0,1,0
189,189,비타리움프로폴리스리퀴드,,,,,0,0,맛_모름,맛상세_없음,있음,목넘김_모름,피로회복,0,0,1,0,0
190,190,비타리움프로폴리스호주마누카스프레이,,,,,0,0,맛_모름,맛상세_없음,있음,목넘김_모름,피로회복,0,0,1,0,0
191,191,비타민C분말,,,,,0,0,맛_모름,신맛 단맛,있음,목넘김_모름,피로회복,0,0,1,1,0
192,192,비타민C1000,,,,,0,0,맛_모름,맛상세_없음,재구매의사_모름,목넘김_모름,피로회복,0,0,0,1,0
193,193,비타민D,,,,,0,0,맛_모름,맛상세_없음,재구매의사_모름,목넘김_모름,피로회복,0,0,0,1,0
194,194,비타민마을맛있는메가씨비타민C2000비오틴5000,,,,,0,0,맛있다,신맛 단맛,있음,목넘김_모름,피로회복,0,0,1,0,0
195,195,비타민마을메가씨3000비타민C분말스틱,,,,,0,0,맛_모름,신맛 단맛,재구매의사_모름,목넘김_모름,피로회복,0,0,0,1,0
196,196,비타민마을비타민K칼슘마그네슘아연비타민D플러스940.,,,,,0,0,맛_모름,단맛 신맛,있음,목넘김_모름,피로회복,0,0,1,1,0
197,197,비타민마을와이즈멀티비타민미네랄,,,,,0,0,맛_모름,단맛 신맛,있음,불편,피로회복,1,0,0,1,0
198,198,비타민뱅크메가알티지오메가-3위드비타민E,,,,,0,0,맛_모름,맛상세_없음,있음,목넘김_모름,피로회복,0,0,1,0,0
199,199,비타민뱅크패밀리츄어블철분크랜베리맛,,,,,0,0,맛있다,단맛,재구매의사_모름,목넘김_모름,피로회복,0,0,0,1,0
200,200,"비타민뱅크프로폴리스&아연,비타민C",,,,,0,0,맛_모름,신맛,재구매의사_모름,목넘김_모름,피로회복,0,0,0,1,0
201,201,비타바움멀티비타민플러스브이15,,,,,0,0,맛_모름,단맛 부정 신맛,있음,목넘김_모름,피로회복,0,0,1,1,0
202,202,"비타바움멀티비타민,비타민B,맥스D5종택1",,,,,0,0,맛_모름,단맛,재구매의사_모름,목넘김_모름,피로회복,0,0,0,1,0
203,203,비타바움비타민B12플러스브이8,,,,,0,0,맛있다,단맛,재구매의사_모름,목넘김_모름,피로회복,0,0,0,1,0
204,204,비타바움비타민B12플러스브이8/멀티비타민15중택1,,,,,0,0,맛있다,단맛 부정,재구매의사_모름,목넘김_모름,피로회복,0,0,1,1,0
205,205,비타플렉스맨,,,,,0,0,맛_모름,신맛 단맛,있음,목넘김_모름,피로회복,0,0,1,1,0
206,206,비타플렉스우먼,,,,,0,0,맛_모름,단맛,재구매의사_모름,불편,피로회복,0,0,0,1,0
207,207,비타하임멀티비타민,,,,,0,0,맛있다,단맛 과일맛,재구매의사_모름,목넘김_모름,피로회복,0,0,1,1,0
208,208,비타하임발포멀티비타민,,,,,0,0,맛_모름,신맛,있음,목넘김_모름,피로회복,0,0,1,0,0
209,209,비타하임발포비타민C,,,,,0,0,맛_모름,단맛 과일맛 신맛,재구매의사_모름,목넘김_모름,피로회복,0,0,0,1,0
210,210,비타할로온가족멀티비타민플러스미네랄,,,,,0,0,맛있다,단맛 신맛,재구매의사_모름,목넘김_모름,"피로회복
다이어트",0,0,1,1,0
211,211,뽀로로데일리비타민D플러스아연,,,,,0,0,맛_모름,단맛 과일맛 신맛,있음,목넘김_모름,피로회복,0,0,1,1,0
212,212,뽀로로비타민C복숭아맛,,,,,0,0,맛있다,단맛 과일맛 신맛,재구매의사_모름,목넘김_모름,피로회복,0,0,1,1,0
213,213,뽀롱뽀롱뽀로로비타세븐비타민,,,,,0,0,맛있다,단맛 과일맛 신맛,있음,목넘김_모름,피로회복,0,0,1,0,0
214,214,쁘띠앤국민칼마디,,,,,0,0,맛_모름,신맛 단맛,재구매의사_모름,목넘김_모름,피로회복,0,0,0,1,0
215,215,생활정원멀티비타민90일분,,,,,0,0,맛_모름,맛상세_없음,재구매의사_모름,목넘김_모름,피로회복,0,0,0,1,0
216,216,선물GNC실버멀티비타민선물,,,,,0,0,맛_모름,맛상세_없음,있음,목넘김_모름,피로회복,0,0,1,0,0
217,217,세노비스남성용멀티비타민미네랄,,,,,0,0,맛_모름,단맛 신맛,있음,불편,피로회복,1,0,0,1,0
218,218,세노비스남성을위한멀티비타민미네랄,,,,,1,0,맛_모름,맛상세_없음,재구매의사_모름,목넘김_모름,피로회복,0,0,0,1,0
219,219,세노비스멀티비타민미네랄,,,,,0,0,맛있다,맛상세_없음,있음,목넘김_모름,피로회복,0,0,1,0,0
220,220,세노비스여성용멀티비타민미네랄,,,,,0,0,맛_모름,신맛 단맛,없음,목넘김_모름,피로회복,0,0,1,1,0
221,221,세노비스여성용멀티비타민미네랄트윈,,,,,0,0,맛_모름,맛상세_없음,재구매의사_모름,목넘김_모름,피로회복,0,0,0,1,0
222,222,세노비스여성을위한멀티비타민미네랄,,,,,0,0,맛_모름,단맛,재구매의사_모름,목넘김_모름,피로회복,0,0,0,1,0
223,223,세노비스칼슘+비타민D,,,,,0,0,맛_모름,단맛 신맛,있음,목넘김_모름,피로회복,0,0,1,1,0
224,224,세노비스코엔자임큐텐비타민C+셀런,,,,,0,0,맛_모름,신맛,있음,좋음,"피로회복
장건강",1,0,0,0,0
225,225,세노비스키즈멀티비타민미네랄,,,,,0,0,맛있다,단맛 과일맛 신맛 부정,있음,목넘김_모름,피로회복,0,0,1,0,0
226,226,세노비스키즈멀티비타민미네랄젤리,,,,,0,0,맛있다,신맛 과일맛 단맛 부정,없음,목넘김_모름,피로회복,0,0,1,0,0
227,227,세노비스키즈멀티비타민,,,,,0,0,맛있다,신맛 단맛,재구매의사_모름,목넘김_모름,피로회복,0,0,1,1,0
228,228,세노비스트리플러스2종택1,,,,,0,0,맛_모름,맛상세_없음,있음,목넘김_모름,피로회복,0,0,1,0,0
229,229,"세노비스트리플러스맨,우먼택1",,,,,0,0,맛_모름,맛상세_없음,있음,목넘김_모름,피로회복,0,0,1,0,0
230,230,세노비스트리플러스맨,,,,,0,0,맛_모름,단맛 신맛,있음,목넘김_모름,피로회복,0,0,1,1,0
231,231,세노비스트리플러스멀티비타민미네랄트윈,,,,,0,0,맛_모름,신맛,재구매의사_모름,불편,피로회복,0,0,0,1,0
232,232,세노비스트리플러스멀티비타민미네랄오메가3,,,,,0,0,맛_모름,신맛 단맛,있음,목넘김_모름,"피로회복
장건강",1,0,1,1,0
233,233,세노비스트리플러스우먼,,,,,0,0,맛_모름,신맛 부정 단맛,있음,목넘김_모름,피로회복,0,0,1,1,0
234,234,세노비스트리플러스우먼+한정,,,,,0,0,맛_모름,신맛,있음,목넘김_모름,피로회복,0,0,1,0,0
235,235,센시알파은행잎추출물비타민,,,,,0,0,맛_모름,단맛 신맛,있음,목넘김_모름,피로회복,0,0,1,1,0
236,236,센트룸맨+센트룸이뮨부스터,,,,,0,0,맛있다,단맛 과일맛 신맛,재구매의사_모름,목넘김_모름,피로회복,0,0,1,1,0
237,237,센트룸멀티,,,,,0,0,맛있다,신맛 과일맛 단맛,있음,불편,피로회복,0,0,1,0,0
238,238,센트룸멀티비타민미네랄멀티,,,,,0,0,맛있다,신맛 단맛,재구매의사_모름,목넘김_모름,피로회복,0,0,1,1,0
239,239,센트룸멀티비타민미네랄실버우먼,,,,,0,0,맛_모름,단맛 신맛,있음,좋음,피로회복,1,0,0,0,0
240,240,센트룸멀티비타민미네랄포맨,,,,,0,0,맛_모름,단맛 신맛,재구매의사_모름,목넘김_모름,피로회복,0,0,0,1,0
241,241,센트룸멀티비타민미네랄포우먼,,,,,0,0,맛_모름,신맛 단맛,있음,좋음,피로회복,1,0,0,0,0
242,242,센트룸멀티비타민키즈,,,,,0,0,맛있다,신맛 과일맛 단맛 부정,있음,목넘김_모름,피로회복,0,0,1,0,0
243,243,센트룸멀티비타민맨,,,,,0,0,맛_모름,단맛,재구매의사_모름,목넘김_모름,피로회복,0,0,0,1,0
244,244,센트룸멀티비타민실버맨,,,,,0,0,맛_모름,단맛 신맛,재구매의사_모름,좋음,피로회복,1,0,0,1,0
245,245,센트룸멀티비타민실버포맨,,,,,0,0,맛_모름,맛상세_없음,재구매의사_모름,목넘김_모름,피로회복,0,0,0,1,0
246,246,센트룸멀티비타민실버포우먼,,,,,0,0,맛_모름,맛상세_없음,재구매의사_모름,목넘김_모름,피로회복,0,0,0,1,0
247,247,센트룸멀티비타민우먼,,,,,0,0,맛_모름,단맛,있음,좋음,피로회복,1,0,0,0,0
248,248,센트룸멀티비타민포맨,,,,,0,0,맛_모름,맛상세_없음,재구매의사_모름,목넘김_모름,피로회복,0,0,0,1,0
249,249,센트룸멀티비타민포우먼,,,,,0,0,맛_모름,맛상세_없음,재구매의사_모름,목넘김_모름,피로회복,0,0,0,1,0
250,250,"센트룸비타민B군8종,비타민C,E,미네랄에너지B",,,,,0,0,맛_모름,신맛 단맛,재구매의사_모름,목넘김_모름,피로회복,0,0,0,1,0
251,251,센트룸실버우먼+센트룸이뮨부스터,,,,,0,0,맛_모름,단맛 과일맛 신맛,있음,목넘김_모름,피로회복,0,0,1,1,0
252,252,센트룸실버포맨멀티비타민미네랄1464mg,,,,,0,0,맛_모름,신맛 단맛,재구매의사_모름,목넘김_모름,피로회복,0,0,0,1,0
253,253,센트룸실버포맨멀티비타민미네랄,,,,,0,0,맛_모름,신맛,있음,목넘김_모름,피로회복,0,0,1,0,0
254,254,센트룸어드밴스성인용멀티비타민,,,,,0,0,맛_모름,맛상세_없음,재구매의사_모름,목넘김_모름,피로회복,0,0,0,1,0
255,255,센트룸우먼+센트룸이뮨부스터,,,,,0,0,맛있다,단맛 과일맛 신맛,재구매의사_모름,목넘김_모름,피로회복,0,0,1,1,0
256,256,센트룸포우먼멀티비타민미네랄센트륨,,,,,0,0,맛_모름,신맛 단맛,있음,목넘김_모름,피로회복,0,0,1,1,0
257,257,셀파렉스에센셜포맨,,,,,0,0,맛_모름,신맛 단맛,재구매의사_모름,목넘김_모름,피로회복,0,0,0,1,0
258,258,셀파렉스에센셜포맨50,,,,,0,0,맛_모름,단맛 신맛,재구매의사_모름,불편,피로회복,0,0,0,1,0
259,259,셀파렉스에센셜포우먼,,,,,0,0,맛_모름,단맛 신맛,있음,목넘김_모름,피로회복,0,0,1,1,0
260,260,셀파렉스에센셜포우먼50,,,,,0,0,맛_모름,신맛,재구매의사_모름,목넘김_모름,피로회복,0,0,0,1,0
261,261,셀파렉스에센셜포우먼/맨,,,,,0,0,맛_모름,신맛,재구매의사_모름,목넘김_모름,피로회복,0,0,0,1,0
262,262,셀파렉스에센셜포우먼/맨50,,,,,0,0,맛_모름,신맛 단맛,재구매의사_모름,목넘김_모름,피로회복,0,0,0,1,0
263,263,솔가2종택1,,,,,0,0,맛_모름,단맛 신맛,없음,목넘김_모름,피로회복,0,0,1,1,0
264,264,"솔가B-""100""베지터블캡슐",,,,,0,0,맛_모름,단맛 과일맛 신맛,있음,목넘김_모름,피로회복,0,0,1,1,0
265,265,솔가B포뮬라C멀티비타민,,,,,0,0,맛_모름,맛상세_없음,있음,목넘김_모름,피로회복,0,0,1,0,0
266,266,솔가남녀멀티비타민미네랄+여성용),,,,,0,0,맛_모름,단맛 신맛,재구매의사_모름,목넘김_모름,피로회복,0,0,0,1,0
267,267,솔가남성/여성용멀티비타민오메가-3700,,,,,0,0,맛_모름,단맛 부정,재구매의사_모름,목넘김_모름,피로회복,0,0,0,1,0
268,268,솔가남성/여성용멀티비타민미네랄,,,,,0,0,맛_모름,맛상세_없음,있음,목넘김_모름,피로회복,0,0,1,0,0
269,269,솔가남성용멀티비타민오메가-3700,,,,,0,0,맛_모름,맛상세_없음,재구매의사_모름,목넘김_모름,피로회복,0,0,0,1,0
270,270,솔가남성용멀티비타민미네랄,,,,,0,0,맛_모름,신맛,있음,불편,피로회복,1,0,0,0,0
271,271,솔가네이처바이트종합비타민위드미네랄,,,,,0,0,맛_모름,신맛 단맛,있음,목넘김_모름,"피로회복
질건강",1,0,1,1,0
272,272,솔가리퀴드비타민D35000,,,,,0,0,맛_모름,신맛,재구매의사_모름,목넘김_모름,피로회복,0,0,0,1,0
273,273,솔가마그네슘위드비타민B6,,,,,0,0,맛_모름,맛상세_없음,재구매의사_모름,목넘김_모름,피로회복,0,0,0,1,0
274,274,솔가비타민B-100,,,,,0,0,맛_모름,신맛 단맛,있음,목넘김_모름,피로회복,0,0,1,1,0
275,275,솔가비타민D31000IU,,,,,0,0,맛_모름,신맛 단맛,있음,불편,"피로회복
장건강",1,0,0,1,0
276,276,솔가비타민D2200IU,,,,,0,0,맛_모름,맛상세_없음,있음,목넘김_모름,피로회복,0,0,1,0,0
277,277,솔가비타민즈온리베지터블캡슐글루텐프리,,,,,0,0,맛_모름,맛상세_없음,있음,목넘김_모름,피로회복,0,0,1,0,0
278,278,솔가뼈건강,,,,,0,0,맛_모름,단맛,재구매의사_모름,목넘김_모름,피로회복,0,0,0,1,0
279,279,솔가아연50,,,,,0,0,맛_모름,단맛 신맛,있음,목넘김_모름,피로회복,0,0,1,1,0
280,280,솔가에스터-C비타민500mg,,,,,0,0,맛_모름,신맛,있음,좋음,피로회복,1,0,0,0,0
281,281,솔가에스터-C플러스1000mg비타민C,,,,,0,0,맛있다,신맛 단맛,있음,목넘김_모름,피로회복,0,0,1,0,0
282,282,솔가에스터-C플러스1000mg비타민C글루텐프리비건,,,,,0,0,맛있다,신맛 단맛,있음,목넘김_모름,피로회복,0,0,1,0,0
283,283,솔가에스터-C플러스비타민C500mg베지캡슐글루텐프리비건,,,,,0,0,맛_모름,신맛 단맛,재구매의사_모름,목넘김_모름,"피로회복
장건강",1,0,0,1,0
284,284,솔가여성용멀티비타민오메가-3700,,,,,0,0,맛_모름,단맛,재구매의사_모름,목넘김_모름,피로회복,0,0,0,1,0
285,285,솔가여성용멀티비타민미네랄,,,,,0,0,맛_모름,단맛 신맛,있음,목넘김_모름,피로회복,0,0,1,1,0
286,286,솔가캉가바이츠어린이종합비타민+미네랄,,,,,0,0,맛있다,단맛,있음,목넘김_모름,피로회복,0,0,1,0,0
287,287,솔가프리네이탈종합비타민&미네랄125.,,,,,0,0,맛_모름,단맛 신맛,재구매의사_모름,목넘김_모름,피로회복,0,0,0,1,0
288,288,솔가프리네이탈종합비타민&미네랄,,,,,0,0,맛_모름,신맛,있음,목넘김_모름,피로회복,0,0,1,0,0
289,289,솔라레이타임드-릴리스비타민C1000mg,,,,,0,0,맛_모름,신맛,재구매의사_모름,목넘김_모름,피로회복,0,0,0,1,0
290,290,순수식품종합비타민미네랄20종멀티비타민,,,,,0,0,맛_모름,신맛 단맛,재구매의사_모름,불편,피로회복,0,0,0,1,0
291,291,스마티팬츠비타민우먼스컴플리트멀티비타민+오메가3,,,,,0,0,맛_모름,단맛 과일맛,재구매의사_모름,목넘김_모름,피로회복,0,0,0,1,0
292,292,스완슨내추럴비타민E1000IU소프트젤,,,,,0,0,맛_모름,맛상세_없음,재구매의사_모름,목넘김_모름,피로회복,0,0,0,1,0
293,293,스키니랩종합비타민미네랄,,,,,0,0,맛_모름,맛상세_없음,재구매의사_모름,목넘김_모름,피로회복,0,0,0,1,0
294,294,썬라이프비타민C1000레몬라임맛,,,,,0,0,맛있다,신맛 과일맛 단맛,재구매의사_모름,목넘김_모름,피로회복,0,0,1,1,0
295,295,아메리칸헬스에스터-C500mg베지테리안,,,,,0,0,맛_모름,맛상세_없음,있음,목넘김_모름,피로회복,0,0,1,0,0
296,296,아이클리어루테인지아잔틴,,,,,0,0,맛_모름,신맛,있음,목넘김_모름,피로회복,0,0,1,0,0
297,297,아이해피츄프리미엄키즈비타민어린이성장기면역력뼈건강눈건강츄어블영양제,,,,,0,0,맛없다,단맛 과일맛 부정 부정 신맛,있음,목넘김_모름,피로회복,0,1,1,0,0
298,298,아임비타데일리멀티비타민,,,,,0,0,맛_모름,신맛 단맛,재구매의사_모름,목넘김_모름,피로회복,0,0,0,1,0
299,299,아임비타멀티비타민바이탈,,,,,0,0,맛있다,단맛 부정 신맛,있음,목넘김_모름,피로회복,0,0,1,0,0
300,300,아임비타멀티비타민이뮨샷,,,,,0,0,맛_모름,단맛,있음,목넘김_모름,피로회복,0,0,0,1,0
301,301,아임비타면역비타민C1000,,,,,0,0,맛있다,단맛,있음,목넘김_모름,피로회복,0,0,1,0,0
302,302,아임비타비타민젤리CD,,,,,0,0,맛있다,단맛 신맛,있음,목넘김_모름,피로회복,0,0,1,0,0
303,303,아임비타비타민D2000IU,,,,,0,0,맛있다,단맛 신맛,있음,목넘김_모름,피로회복,0,0,1,0,0
304,304,아텍스산리오캐릭터즈맛있는키즈비타민,,,,,0,0,맛있다,신맛 단맛,있음,목넘김_모름,피로회복,0,0,1,0,0
305,305,안국건강New루테인미니100,,,,,0,0,맛_모름,신맛 단맛,있음,목넘김_모름,피로회복,0,0,1,1,0
306,306,안국건강안심멀티비타민미네랄,,,,,0,0,맛_모름,맛상세_없음,재구매의사_모름,목넘김_모름,피로회복,0,0,0,1,0
307,307,안국건강안심비타민D1000IU,,,,,0,0,맛_모름,단맛 신맛,재구매의사_모름,목넘김_모름,피로회복,0,0,0,1,0
308,308,안국건강안심비타민D31000IU,,,,,0,0,맛_모름,단맛,재구매의사_모름,목넘김_모름,피로회복,0,0,0,1,0
309,309,알유21비타민C,,,,,0,0,맛_모름,단맛,재구매의사_모름,목넘김_모름,피로회복,0,0,0,1,0
310,310,앙팡다이노비타민C,,,,,0,0,맛_모름,신맛 단맛,있음,목넘김_모름,피로회복,0,0,1,1,0
311,311,애드마일스멀티비타민에스피포뮬라,,,,,0,0,맛_모름,신맛,재구매의사_모름,목넘김_모름,피로회복,0,0,0,1,0
312,312,어린이캐리와친구들비타민C유아비타민,,,,,0,0,맛_모름,단맛 과일맛 신맛,재구매의사_모름,목넘김_모름,피로회복,0,0,0,1,0
313,313,얼라이브원스데일리포맨멀티비타민,,,,,0,0,맛_모름,단맛 신맛,있음,목넘김_모름,피로회복,0,0,1,1,0
314,314,얼라이브원스데일리,,,,,0,0,맛_모름,단맛 신맛,있음,불편,피로회복,1,0,0,1,0
315,315,얼라이브원스데일리50,,,,,0,0,맛_모름,신맛 단맛,있음,목넘김_모름,피로회복,0,0,1,1,0
316,316,얼라이브원스데일리멀티비타민+밀크씨슬42.,,,,,0,0,맛_모름,단맛 신맛,재구매의사_모름,목넘김_모름,피로회복,0,0,0,1,0
317,317,얼라이브원스데일리멀티비타민,,,,,0,0,맛_모름,단맛,있음,불편,피로회복,0,0,0,1,0
318,318,얼라이브원스데일리포맨,,,,,0,0,맛_모름,단맛 신맛,재구매의사_모름,불편,피로회복,0,0,0,1,0
319,319,얼라이브원스데일리포우먼,,,,,0,0,맛_모름,신맛 단맛,있음,목넘김_모름,피로회복,0,0,1,1,0
320,320,얼라이브원스데일리포우먼멀티비타민,,,,,0,0,맛_모름,신맛 단맛,있음,목넘김_모름,피로회복,0,0,1,1,0
321,321,얼라이브칼슘,,,,,0,0,맛_모름,맛상세_없음,재구매의사_모름,목넘김_모름,피로회복,0,0,0,1,0
322,322,에버콜라겐코큐,,,,,0,0,맛_모름,단맛 신맛,있음,목넘김_모름,피로회복,0,0,1,1,0
323,323,에이치엘사이언스닥터슈퍼칸밀크씨슬앤멀티비타민에디션,,,,,0,0,맛_모름,맛상세_없음,재구매의사_모름,목넘김_모름,피로회복,0,0,0,1,0
324,324,에이토솔루션비타민D젤리스틱,,,,,0,0,맛있다,맛상세_없음,있음,목넘김_모름,피로회복,0,0,1,0,0
325,325,엔도스bykurly멀티비타민미네랄21올인원,,,,,0,0,맛_모름,단맛,있음,목넘김_모름,피로회복,0,0,0,1,0
326,326,엔도스bykurly밀크씨슬실리마린130&비타민B6,,,,,0,0,맛_모름,맛상세_없음,있음,목넘김_모름,피로회복,0,0,1,0,0
327,327,엔도스bykurly중성비타민C1000,,,,,0,0,맛_모름,맛상세_없음,있음,목넘김_모름,피로회복,0,0,1,0,0
328,328,엔도스bykurly트리플액티브칼슘마그네슘&비타민D3,,,,,0,0,맛_모름,신맛,재구매의사_모름,목넘김_모름,피로회복,0,0,0,1,0
329,329,엔젯오리진비타프레쉬귤젤리비타민CD3000,,,,,0,0,맛있다,신맛 단맛,있음,목넘김_모름,피로회복,0,0,1,0,0
330,330,엔젯오리진비타프레쉬귤젤리비타민C&D3000,,,,,0,0,맛있다,단맛,있음,목넘김_모름,피로회복,0,0,1,0,0
331,331,엔젯오리진비타프레쉬비타민C&D3000,,,,,0,0,맛있다,단맛 부정 과일맛 신맛,있음,목넘김_모름,피로회복,0,0,1,0,0
332,332,"엔젯오리진에너지비타민B-3,000mg",,,,,0,0,맛있다,단맛 부정 신맛,재구매의사_모름,목넘김_모름,피로회복,0,0,1,1,0
333,333,엔젯오리진에너지비타민B-청포도향,,,,,0,0,맛있다,신맛 과일맛 단맛,있음,목넘김_모름,피로회복,0,0,1,0,0
334,334,"엔젯오리진엘더베리플레이버비타민CD,아연3,000mg",,,,,0,0,맛있다,과일맛,있음,목넘김_모름,피로회복,0,0,1,0,0
335,335,엔젯오리진엘더베리플레이버비타민C&D아연,,,,,0,0,맛있다,단맛 과일맛 신맛,있음,목넘김_모름,피로회복,0,0,1,0,0
336,336,엔젯오리진엘더베리맛비타민C&D아연,,,,,0,0,맛있다,단맛,있음,목넘김_모름,피로회복,0,0,1,0,0
337,337,영롱비건베리비타민C,,,,,0,0,맛_모름,단맛 신맛,있음,목넘김_모름,피로회복,0,0,1,1,0
338,338,영진약품비타민B플러스8,,,,,0,0,맛_모름,단맛 신맛,있음,목넘김_모름,피로회복,0,0,1,1,0
339,339,오로라리포조말메가팩플러스비타민C3000mg리포좀리포솜고함량고용량비타민씨메가도스,,,,,0,0,맛_모름,맛상세_없음,재구매의사_모름,목넘김_모름,피로회복,0,0,0,1,0
340,340,오쏘몰이뮨멀티비타민드링크+정제30일2개,,,,,0,0,맛_모름,단맛,있음,목넘김_모름,"피로회복
질건강",0,0,0,1,0
341,341,오쏘몰이뮨멀티비타민미네랄,,,,,0,0,맛없다,신맛 과일맛 단맛 부정,있음,목넘김_모름,"피로회복
장건강",0,1,1,0,1
342,342,오쏘몰이뮨멀티비타민미네랄+증정,,,,,0,0,맛_모름,맛상세_없음,재구매의사_모름,목넘김_모름,피로회복,0,0,0,1,0
343,343,오쏘몰 이뮨 멀티비타민미네랄 14+추가증정,,,,,0,0,맛없다,신맛 과일맛 단맛 부정,있음,목넘김_모름,피로회복,0,1,1,0,0
344,344,온푸드리얼알티지엔초비오메가3+비타민D,,,,,0,0,맛_모름,신맛,재구매의사_모름,목넘김_모름,피로회복,0,0,0,1,0
345,345,올인원바이탈이뮨종합멀티비타민&미네랄30일분,,,,,0,0,맛있다,신맛 과일맛 단맛,재구매의사_모름,목넘김_모름,피로회복,0,0,1,1,0
346,346,원어데이컴플리트멀티비타민맨,,,,,0,0,맛_모름,신맛,재구매의사_모름,목넘김_모름,피로회복,0,0,0,1,0
347,347,원어데이컴플리트멀티비타민우먼,,,,,0,0,맛_모름,맛상세_없음,재구매의사_모름,목넘김_모름,피로회복,0,0,0,1,0
348,348,위시헬씨바이탈업이뮨엔진14앰플,,,,,0,0,맛_모름,맛상세_없음,재구매의사_모름,목넘김_모름,피로회복,0,0,0,1,0
349,349,위클리랩바이탈리,,,,,0,0,맛_모름,신맛 단맛,재구매의사_모름,목넘김_모름,피로회복,0,0,0,1,0
350,350,위클리랩올인원솔루션,,,,,0,0,맛_모름,단맛 신맛,없음,목넘김_모름,피로회복,0,0,1,1,0
351,351,유니멀티비타민&미네랄스틱-총하루2번한번에씩,,,,,0,0,맛있다,신맛,재구매의사_모름,목넘김_모름,피로회복,0,0,1,0,0
352,352,유니시티바이오스라이프이에너지멀티비타민,,,,,0,0,맛있다,단맛 과일맛 신맛,있음,목넘김_모름,피로회복,0,0,1,0,0
353,353,이머전씨이뮨+시스템서포트비타민D피지드링크믹스슈퍼오렌지비건무카페인,,,,,0,0,맛있다,신맛 과일맛,재구매의사_모름,목넘김_모름,피로회복,0,0,1,0,0
354,354,이왕재교수의비타민C이야기,,,,,0,0,맛_모름,신맛,재구매의사_모름,목넘김_모름,피로회복,0,0,0,1,0
355,355,익스트림멀티비타민&미네랄700mg,,,,,0,0,맛_모름,신맛 단맛,있음,불편,피로회복,1,0,0,1,0
356,356,익스트림블랙마카1800,,,,,0,0,맛_모름,단맛 신맛,있음,목넘김_모름,"피로회복
장건강",1,0,1,1,0
357,357,익스트림비타민B700mg,,,,,0,0,맛_모름,신맛 단맛,있음,좋음,피로회복,1,0,0,0,0
358,358,인생종합비타민1개월팩25.,,,,,0,0,맛_모름,단맛 신맛,재구매의사_모름,목넘김_모름,피로회복,0,0,0,1,0
359,359,일양약품리얼메디종합비타민21종미네랄종합영양제멀티비타민남성여성,,,,,0,0,맛_모름,신맛,재구매의사_모름,목넘김_모름,피로회복,0,0,0,1,0
360,360,일양약품브이타민2152.,,,,,0,0,맛_모름,신맛 단맛,재구매의사_모름,목넘김_모름,피로회복,0,0,0,1,0
361,361,일양약품비타민D2000IU플러스,,,,,0,0,맛_모름,신맛 단맛,있음,목넘김_모름,피로회복,0,0,1,1,0
362,362,일양약품속편한비타민C,,,,,0,0,맛_모름,신맛 단맛,있음,목넘김_모름,피로회복,0,0,1,1,0
363,363,일양약품잇큐,,,,,0,0,맛_모름,단맛 신맛,재구매의사_모름,목넘김_모름,피로회복,0,0,0,1,0
364,364,일양약품프라임종합비타민미네랄플러스영양제,,,,,0,0,맛있다,신맛 과일맛 단맛,없음,목넘김_모름,피로회복,0,0,1,0,0
365,365,일양약품프리미엄비타C,,,,,0,0,맛있다,단맛 신맛,있음,목넘김_모름,피로회복,0,0,1,0,0
366,366,자로우판토텐산B5,,,,,0,0,맛_모름,단맛 신맛,있음,목넘김_모름,피로회복,0,0,1,1,0
367,367,자미에슨츄어블멀티비타민앤미네랄,,,,,0,0,맛있다,단맛 부정 신맛,재구매의사_모름,목넘김_모름,피로회복,0,0,1,1,0
368,368,자연의품격건강한간밀크씨슬,,,,,0,0,맛_모름,단맛 신맛,있음,목넘김_모름,피로회복,0,0,1,1,0
369,369,젠와이즈리포소멀비타민C1500mg베지테리안캡슐,,,,,0,0,맛_모름,신맛 과일맛 단맛,재구매의사_모름,목넘김_모름,피로회복,0,0,0,1,0
370,370,종근당활력비타민B플러스,,,,,0,0,맛_모름,단맛 신맛,있음,목넘김_모름,피로회복,0,0,1,1,0
371,371,종근당건강면역비타민C,,,,,0,0,맛있다,신맛 과일맛 단맛,있음,목넘김_모름,피로회복,0,0,1,0,0
372,372,종근당건강수분충전아쿠아워너비히알루론산,,,,,0,0,맛_모름,단맛 신맛,있음,목넘김_모름,피로회복,0,0,1,1,0
373,373,종근당건강쌩쌩비타민D,,,,,0,0,맛있다,단맛,있음,목넘김_모름,피로회복,0,0,1,0,0
374,374,종근당건강아임비타마그네슘,,,,,0,0,맛_모름,맛상세_없음,재구매의사_모름,목넘김_모름,피로회복,0,0,0,1,0
375,375,종근당건강아임비타멀티비타민이뮨샷,,,,,0,0,맛있다,신맛 과일맛 단맛,있음,좋음,피로회복,0,1,1,0,0
376,376,종근당건강아임비타칼슘마그네슘비타민D,,,,,0,0,맛_모름,맛상세_없음,재구매의사_모름,목넘김_모름,피로회복,0,0,0,1,0
377,377,종근당건강원데이21,,,,,0,0,맛_모름,신맛 단맛,재구매의사_모름,목넘김_모름,피로회복,0,0,0,1,0
378,378,종근당건강키즈멀티비타민미네랄,,,,,0,0,맛있다,단맛 과일맛 신맛,있음,목넘김_모름,피로회복,0,0,1,0,0
379,379,종근당건강프리미엄비타C1000플러스,,,,,0,0,맛_모름,맛상세_없음,재구매의사_모름,목넘김_모름,피로회복,0,0,0,1,0
380,380,종근당건강헬씨칸밀크씨슬영양제,,,,,0,0,맛_모름,단맛 신맛,있음,불편,피로회복,1,0,0,1,0
381,381,줄리스초이스에버글로우피에스트로,,,,,0,0,맛있다,신맛 과일맛 단맛,있음,목넘김_모름,"피로회복
피부",0,0,1,0,0
382,382,줄리스초이스에버비타민,,,,,0,0,맛_모름,단맛 신맛,있음,목넘김_모름,피로회복,0,0,1,1,0
383,383,중외제약플러스코엔자임Q103개월분,,,,,0,0,맛_모름,단맛 신맛,있음,불편,"피로회복
질건강
장건강",1,0,0,1,0
384,384,차일드라이프비타민C118ml,,,,,0,0,맛있다,신맛 과일맛 단맛,있음,목넘김_모름,피로회복,0,0,1,0,0
385,385,차일드라이프비타민D330ml,,,,,0,0,맛_모름,신맛 단맛,있음,목넘김_모름,피로회복,0,0,1,1,0
386,386,맥스 멀티비타민 앤 미네랄 포틴,,,,,0,0,맛_모름,맛상세_없음,재구매의사_모름,목넘김_모름,피로회복,0,0,0,0,0
387,387,카카오프렌즈레모나,,,,,0,0,맛_모름,맛상세_없음,재구매의사_모름,목넘김_모름,피로회복,0,0,0,1,0
388,388,캘리포니아네토나헬스네토나비타민D32000IU,,,,,0,0,맛_모름,신맛 단맛,있음,좋음,피로회복,1,0,0,0,0
389,389,콤비타프로폴리스스프레이,,,,,0,0,맛_모름,단맛,재구매의사_모름,목넘김_모름,피로회복,0,0,0,1,0
390,390,토마스맛있는키즈비타민,,,,,0,0,맛있다,단맛 과일맛 부정,재구매의사_모름,목넘김_모름,피로회복,0,0,1,1,0
391,391,통라이프종합비타민ABCDE앤미네랄,,,,,0,0,맛있다,맛상세_없음,재구매의사_모름,목넘김_모름,피로회복,0,0,1,0,0
392,392,투퍼데이액티브멀티비타민l닥터체크멀티비타민,,,,,0,0,맛_모름,신맛 단맛,재구매의사_모름,목넘김_모름,피로회복,0,0,0,1,0
393,393,트루포뮬러면역비타힘,,,,,0,0,맛_모름,신맛 단맛,있음,목넘김_모름,피로회복,0,0,1,1,0
394,394,튼튼닷컴비타민C1000mg비타민D1000IU6개월분,,,,,0,0,맛_모름,맛상세_없음,있음,목넘김_모름,피로회복,0,0,1,0,0
395,395,퓨어온비타민D2000IU트리플/아연셀렌,,,,,0,0,맛_모름,맛상세_없음,재구매의사_모름,목넘김_모름,피로회복,0,0,0,1,0
396,396,프레스샷올인원토탈영양앰플10개입,,,,,0,0,맛있다,단맛 신맛,있음,목넘김_모름,피로회복,0,0,1,0,0
397,397,프레스샷올인원토탈영양앰플20개입,,,,,0,0,맛있다,단맛 신맛,있음,목넘김_모름,피로회복,0,0,1,0,0
398,398,피토틱스비타민D2000IU,,,,,0,0,맛_모름,신맛 단맛,있음,목넘김_모름,피로회복,0,0,1,1,0
399,399,피토틱스종합비타민,,,,,0,0,맛_모름,단맛,있음,불편,피로회복,0,0,0,1,0
400,400,핑크퐁맛있는키즈비타민복숭아맛,,,,,0,0,맛있다,단맛 과일맛 신맛,있음,목넘김_모름,피로회복,0,0,1,0,0
401,401,하루틴멀티비타민원데이1000mg3개월종합비타민,,,,,0,0,맛_모름,맛상세_없음,재구매의사_모름,목넘김_모름,피로회복,0,0,0,1,0
402,402,한미추억의텐텐츄정,,,,,0,0,맛있다,단맛 과일맛 신맛,있음,목넘김_모름,피로회복,0,0,1,0,0
403,403,한미양행눈부신비타민D4000IU,,,,,0,0,맛_모름,맛상세_없음,있음,좋음,피로회복,1,0,0,0,0
404,404,한미양행츄어블멀티비타민포패밀리,,,,,0,0,맛있다,단맛 신맛,재구매의사_모름,목넘김_모름,피로회복,0,0,1,1,0
405,405,한삼인홍센멀티비타민,,,,,0,0,맛있다,단맛 신맛,재구매의사_모름,목넘김_모름,"피로회복
장건강",0,0,1,1,0
406,406,한잘발포비타민멀티비타민+미네랄,,,,,0,0,맛있다,맛상세_없음,재구매의사_모름,목넘김_모름,피로회복,0,0,1,0,0
407,407,한잘발포비타민비타민C500+아연,,,,,0,0,맛있다,맛상세_없음,재구매의사_모름,목넘김_모름,피로회복,0,0,1,0,0
408,408,한잘발포비타민칼슘+마그네슘+비타민D3,,,,,0,0,맛있다,약맛,재구매의사_모름,목넘김_모름,피로회복,0,0,1,0,0
409,409,함소아면역비타민브이업1000mg,,,,,0,0,맛있다,단맛 과일맛 신맛,있음,목넘김_모름,"피로회복
질건강",0,0,1,0,0
410,410,함소아면역비타민유아비타민블루,,,,,0,0,맛있다,신맛 과일맛 단맛,있음,목넘김_모름,피로회복,0,0,1,0,0
411,411,함소아비타민젤리딸기맛,,,,,0,0,맛있다,단맛 과일맛 신맛 부정,있음,목넘김_모름,피로회복,0,0,1,0,0
412,412,함소아프로폴리스,,,,,0,0,맛없다,단맛 과일맛 신맛,재구매의사_모름,목넘김_모름,피로회복,0,0,1,1,0
413,413,해호로보카폴리비타민복숭아,,,,,0,0,맛있다,맛상세_없음,재구매의사_모름,목넘김_모름,피로회복,0,0,1,0,0
414,414,허벌랜드멀티비타민,,,,,0,0,맛있다,단맛 과일맛 신맛 부정,있음,목넘김_모름,피로회복,0,0,1,0,0
415,415,허벌랜드면역부스트젤리비타민,,,,,0,0,맛있다,단맛 신맛,재구매의사_모름,목넘김_모름,피로회복,0,0,1,1,0
416,416,허벌랜드비타민D31000IU,,,,,0,0,맛있다,과일맛 부정,있음,목넘김_모름,피로회복,0,0,1,0,0
417,417,허벌랜드비타민C,,,,,0,0,맛있다,신맛 과일맛 단맛,있음,목넘김_모름,"피로회복
장건강",0,1,1,0,0
418,418,허벌랜드키즈멀티비타민미네랄,,,,,0,0,맛있다,맛상세_없음,재구매의사_모름,목넘김_모름,피로회복,0,0,1,0,0
419,419,허벌랜드키즈멀티비타민미네랄식물성젤리,,,,,0,0,맛있다,단맛 신맛,재구매의사_모름,목넘김_모름,피로회복,0,0,1,1,0
420,420,허벌랜드키즈칼슘비타민D3,,,,,0,0,맛있다,맛상세_없음,있음,목넘김_모름,피로회복,0,0,1,0,0
421,421,헬로카봇맛있는키즈비타민,,,,,0,0,맛있다,단맛 과일맛 신맛,있음,목넘김_모름,피로회복,0,0,1,0,0
422,422,홀랜드앤바렛ABC플러스씨니어종합비타민무기질,,,,,0,0,맛_모름,맛상세_없음,있음,목넘김_모름,피로회복,0,0,1,0,0
423,423,홀랜드앤바렛ABC플러스씨니어종합비타민&무기질,,,,,0,0,맛_모름,맛상세_없음,재구매의사_모름,목넘김_모름,피로회복,0,0,0,1,0
424,424,홀랜드앤바렛멀티비타민&철,,,,,0,0,맛_모름,맛상세_없음,재구매의사_모름,목넘김_모름,피로회복,0,0,0,1,0
425,425,홀랜드앤바렛울트라맨멀티비타민&무기질,,,,,0,0,맛_모름,맛상세_없음,재구매의사_모름,목넘김_모름,피로회복,0,0,0,1,0
426,426,홀랜드앤바렛종합비타민무기질,,,,,0,0,맛_모름,맛상세_없음,있음,목넘김_모름,피로회복,0,0,1,0,0
427,427,홀랜드앤바렛종합비타민&무기질,,,,,0,0,맛_모름,맛상세_없음,재구매의사_모름,목넘김_모름,피로회복,0,0,0,1,0
428,428,홀리데이즈멀티비타민앤미네랄포맨,,,,,0,0,맛_모름,신맛 단맛,있음,좋음,피로회복,1,0,0,0,0
429,429,홀리데이즈멀티비타민13&미네랄6,,,,,0,0,맛있다,신맛,재구매의사_모름,좋음,피로회복,0,0,1,0,0
430,430,홀리데이즈프리미엄콜라겐,,,,,0,0,맛_모름,단맛 신맛,있음,불편,피로회복,1,0,0,1,0
431,431,휴온스메리트C산3000mg고함량비타민건강기능식품,,,,,0,0,맛_모름,맛상세_없음,재구매의사_모름,목넘김_모름,피로회복,0,0,0,1,0
432,432,AGround10에이엠,,,,,0,0,맛없다,유제품맛 신맛 단맛,있음,좋음,장건강 질건강 다이어트,0,1,0,0,1
433,433,프리미엄유산균19,,,,,1,0,맛있다,유제품맛 신맛 단맛,재구매의사_모름,좋음,장건강 질건강 다이어트,0,0,0,0,0
434,434,BNR17다이어트유산균비에날씬슬림+,,,,,0,0,맛없다,신맛 과일맛 단맛,있음,좋음,장건강 다이어트,0,1,0,0,1
435,435,BNR17다이어트유산균비에날씬프로,,,,,1,0,맛없다,신맛 과일맛 단맛,있음,좋음,장건강,0,1,0,0,1
436,436,BNR17다이어트유산균비에날씬플러스,,,,,1,0,맛_모름,단맛 유제품맛 신맛 과일맛,있음,좋음,장건강 다이어트,1,0,0,0,0
437,437,BNR17비에날씬,,,,,0,0,맛_모름,신맛 단맛,있음,목넘김_모름,장건강,1,0,0,0,0
438,438,BNR17비에날퀸,,,,,1,0,맛_모름,신맛,있음,좋음,장건강,1,0,0,0,0
439,439,BNR17키즈유산균비에날키즈,,,,,1,0,맛있다,신맛 단맛,있음,불편,장건강 질건강,1,1,1,0,0
440,440,BYO20억생유산균패밀리,,,,,1,0,맛없다,단맛 신맛 과일맛,있음,좋음,장건강,0,1,0,0,1
441,441,BYO식물성유산균,,,,,1,0,맛없다,신맛 단맛,있음,좋음,장건강,0,1,0,0,1
442,442,BYO식물성유산균패밀리,,,,,1,0,맛없다,유제품맛 신맛 단맛,있음,불편,장건강,0,1,0,0,1
443,443,BYO식물성유산균100,,,,,1,0,맛없다,단맛 유제품맛 신맛 과일맛,있음,좋음,장건강 질건강,0,1,0,0,1
444,444,BYO식물유래유산균우먼플러스,,,,,1,0,맛없다,단맛 유제품맛 신맛 과일맛,있음,좋음,장건강 질건강 다이어트,0,1,0,0,0
445,445,BYO식물유래유산균키즈플러스,,,,,1,0,맛없다,단맛 유제품맛 신맛 과일맛,있음,좋음,장건강 질건강 다이어트,0,1,0,0,1
446,446,BYO식물유래유산균패밀리플러스,,,,,1,0,맛없다,신맛 단맛,있음,좋음,장건강,0,1,0,0,1
447,447,BYO프리바이오틱스,,,,,1,0,맛_모름,단맛,재구매의사_모름,좋음,장건강,1,0,0,0,0
448,448,CJBYOCORE500억유산균,,,,,1,0,맛_모름,맛상세_없음,재구매의사_모름,목넘김_모름,장건강,0,0,0,1,0
449,449,CJBYOCORE건강한생유산균100억,,,,,1,0,맛있다,유제품맛 신맛 과일맛 단맛,있음,좋음,장건강,1,1,0,0,0
450,450,CJBYOCORE구강유산균,,,,,1,0,맛_모름,맛상세_없음,재구매의사_모름,목넘김_모름,장건강,0,0,0,1,0
451,451,CJBYOCORE데일리유산균,,,,,1,0,맛없다,유제품맛 신맛 과일맛 단맛,있음,좋음,장건강 질건강,0,1,0,0,1
452,452,CJBYOCORE질건강리스펙타프로바이오틱스,,,,,1,0,맛_모름,맛상세_없음,재구매의사_모름,목넘김_모름,장건강,0,0,0,1,0
453,453,CJBYOCORE피부면역유산균,,,,,1,0,맛_모름,신맛 단맛,있음,좋음,장건강,1,0,0,0,0
454,454,CJBYOCORE피부면역유산균100억,,,,,1,0,맛_모름,단맛,재구매의사_모름,좋음,장건강,1,0,0,0,0
455,455,CJ웰케어바이오코어다이어트유산균체지방감소100억보장프로바이오틱스,,,,,1,0,맛없다,신맛 단맛,있음,좋음,장건강 질건강 다이어트,0,1,0,0,1
456,456,GC녹십자스트바이오틱스뷰티,,,,,1,0,맛있다,단맛 신맛 과일맛,재구매의사_모름,좋음,장건강,1,1,0,0,0
457,457,GC녹십자웰빙프로비던스올인원유산균프로바이오틱스,,,,,1,0,맛없다,유제품맛 신맛 단맛,재구매의사_모름,좋음,장건강,0,1,0,0,1
458,458,GNC프로바이오틱데일리니드10억CFU베지테리안캡슐,,,,,1,0,맛_모름,신맛,재구매의사_모름,목넘김_모름,장건강,1,0,0,0,0
459,459,GNC프로바이오틱스,,,,,1,0,맛_모름,신맛,재구매의사_모름,목넘김_모름,장건강,1,0,0,0,0
460,460,GNM100억유산균프로바이오틱스식물성캡슐,,,,,1,0,맛없다,단맛 신맛 과일맛,있음,좋음,장건강 질건강,0,1,0,0,1
461,461,JW외제약스트프리바이오틱스프로바이오틱스프롤린모유유산균영양제,,,,,1,0,맛없다,단맛 유제품맛 신맛,있음,좋음,장건강 질건강 다이어트,0,1,0,0,1
462,462,JW외제약울트라프로바이오틱스,,,,,1,0,맛있다,신맛 단맛,있음,좋음,장건강 질건강,1,1,0,0,0
463,463,JarrowFormulas우먼스펨도피러스유산균캡슐,,,,,1,0,맛없다,단맛 신맛 과일맛,있음,좋음,장건강 질건강 다이어트,0,1,0,0,1
464,464,KS3프로바이오틱스아연&비타민D,,,,,1,0,맛있다,과일맛 단맛,있음,목넘김_모름,장건강,0,1,1,0,0
465,465,Kal애시도필러스프로바이오틱-4유산균베지테리안캡슐,,,,,1,0,맛없다,신맛 단맛,있음,좋음,장건강 질건강,0,1,0,0,1
466,466,grn+장외그랜드슬램천둥이,,,,,1,0,맛없다,유제품맛 신맛 단맛,있음,좋음,장건강 질건강 다이어트,0,1,0,0,1
467,467,tvN락토핏솔루션2,,,,,1,0,맛_모름,신맛 단맛,있음,좋음,장건강,1,0,0,0,0
468,468,가든오브라이프닥터뮬레이티드프로바이오틱유산균원스데일리울트라베지타리안캡슐,,,,,1,0,맛_모름,신맛,재구매의사_모름,불편,장건강,1,0,0,0,0
469,469,경남생유산균9C,,,,,1,0,맛_모름,단맛 유제품맛 신맛 과일맛,있음,좋음,장건강,1,0,0,0,0
470,470,고려은단신바이오틱스프로바이오틱스&amp;프리바이오틱스,,,,,1,0,맛없다,유제품맛 신맛 단맛,있음,좋음,장건강 질건강,0,1,0,0,1
471,471,고려은단프로바이오틱스스페셜핏,,,,,1,0,맛_모름,맛상세_없음,재구매의사_모름,목넘김_모름,장건강,0,0,0,1,0
472,472,굿데이반려동물락토데이오리지널100억프로바이오틱스,,,,,1,0,맛없다,신맛 단맛,재구매의사_모름,좋음,장건강,0,1,0,0,1
473,473,그린몬스터이너블라썸질유래여성유산균,,,,,1,0,맛_모름,신맛,있음,좋음,장건강 질건강,1,0,0,0,0
474,474,그린몬스터질유래유산균이너블러썸,,,,,1,0,맛있다,단맛,있음,좋음,장건강 질건강,0,1,0,0,0
475,475,나우푸드80억아시도필러스&비피더스유산균베지캡슐글루텐프리,,,,,1,0,맛있다,신맛 단맛,있음,좋음,장건강,1,1,0,0,0
476,476,나우푸드베리도필러스키즈어린이유산균츄어블,,,,,1,0,맛없다,단맛 유제품맛 신맛 과일맛,있음,좋음,장건강 질건강,0,1,0,0,1
477,477,나우푸드프로바이오틱-10유산균250억베지캡슐,,,,,1,1,맛없다,신맛 단맛,있음,좋음,장건강 질건강 다이어트,0,1,0,0,1
478,478,나우푸드프리플러스프로바이오틱스,,,,,1,0,맛_모름,유제품맛 신맛 단맛,있음,불편,장건강,1,0,0,0,0
479,479,낙산균프로바이오틱스솔루션4,,,,,1,0,맛없다,유제품맛 신맛 단맛,있음,좋음,장건강 다이어트,0,1,0,0,1
480,480,내츄럴플러스프로바이오틱혼합유산균,,,,,1,0,맛없다,유제품맛 신맛 단맛,있음,좋음,장건강 질건강,0,1,0,0,1
481,481,네오랩비움케어,,,,,1,0,맛없다,신맛 단맛,재구매의사_모름,좋음,장건강,0,1,0,0,1
482,482,네이처센스프로바이오틱스,,,,,1,0,맛없다,단맛 신맛 과일맛,있음,좋음,장건강,0,1,0,0,1
483,483,네이처센스프로신바이오틱스,,,,,1,0,맛없다,단맛 신맛 과일맛,있음,좋음,장건강,0,1,0,0,1
484,484,네이처스웨이키즈유산균초코볼생유산균1억,,,,,1,0,맛_모름,단맛,재구매의사_모름,목넘김_모름,장건강,0,0,0,1,0
485,485,네이쳐스웨이프로바이오틱유산균펄스애시도필러스글루텐프리무설탕소프트젤,,,,,1,0,맛없다,단맛 신맛 과일맛,있음,좋음,장건강 질건강,0,1,0,0,1
486,486,네이쳐스웨이프리마도필러스루테리유산균50억베지테리안캡슐,,,,,1,0,맛있다,유제품맛 신맛 단맛,있음,불편,장건강 질건강,1,1,1,0,0
487,487,네이쳐스웨이프리마도필러스유산균비피더스브이캡,,,,,1,0,맛_모름,맛상세_없음,있음,목넘김_모름,장건강,1,0,0,0,0
488,488,네이쳐스웨이프리마도필러스유산균어린이용츄어블타블렛,,,,,1,0,맛없다,단맛 신맛 과일맛,있음,좋음,장건강,0,1,0,0,1
489,489,네추럴라이즈더퍼펙트유산균,,,,,1,0,맛없다,신맛 단맛,있음,불편,장건강 질건강 다이어트,0,1,0,0,1
490,490,네추럴라이즈프리미엄코어프로바이오틱스플러스10억유산균,,,,,1,0,맛없다,신맛 단맛,있음,좋음,장건강 질건강,0,1,0,0,1
491,491,뉴네이처스트바이오틱스프롤린모유유산균lgg프로바이오틱스,,,,,1,0,맛없다,단맛 신맛 과일맛,재구매의사_모름,좋음,장건강 질건강 다이어트,0,1,0,0,1
492,492,뉴오리진이너플로라,,,,,1,0,맛_모름,신맛 단맛,있음,좋음,장건강 질건강,1,0,0,0,0
493,493,뉴트리가든프리미엄프로바이오틱스,,,,,0,0,맛_모름,맛상세_없음,재구매의사_모름,목넘김_모름,장건강,0,0,0,1,0
494,494,뉴트리가든프리미엄프로바이오틱스키즈츄어블유산균,,,,,1,0,맛없다,유제품맛 신맛 과일맛 단맛,있음,좋음,장건강 질건강,0,1,0,0,1
495,495,뉴트리디데이다이렉트프로바이오틱스골드플러스,,,,,1,0,맛없다,신맛 단맛,재구매의사_모름,좋음,장건강,0,1,0,0,1
496,496,뉴트리디데이다이렉트프로바이오틱스골드플러스ptp유산균,,,,,1,0,맛_모름,신맛 단맛,있음,좋음,장건강 질건강,1,0,0,0,0
497,497,뉴트리디데이다이렉트프로바이오틱스골드플러스유산균,,,,,1,0,맛없다,유제품맛 신맛 단맛,있음,좋음,장건강 질건강,0,1,0,0,1
498,498,뉴트리디데이베이비앤키즈락토프리미엄유산균,,,,,1,0,맛없다,유제품맛 신맛,있음,좋음,장건강 질건강,0,1,0,0,1
499,499,뉴트리원생유산균,,,,,1,0,맛_모름,맛상세_없음,있음,목넘김_모름,장건강,1,0,0,0,0
500,500,뉴트리원라이프스트바이오틱스,,,,,1,0,맛없다,단맛 유제품맛 신맛 과일맛,있음,좋음,장건강 질건강,0,1,0,0,1
501,501,뉴트리원라이프프로&amp;프리바이오틱스,,,,,1,0,맛_모름,신맛 단맛,있음,좋음,장건강 다이어트,1,0,0,0,0
502,502,뉴트리원라이프프리미엄프리바이오틱스,,,,,1,0,맛없다,유제품맛 신맛 단맛,재구매의사_모름,좋음,장건강 질건강,0,1,0,0,1
503,503,뉴트리코스트프로바이오틱500억CFU캡슐,,,,,1,0,맛_모름,신맛,재구매의사_모름,목넘김_모름,장건강,1,0,0,0,0
504,504,뉴트리코어다이어트유산균V2,,,,,1,0,맛_모름,맛상세_없음,재구매의사_모름,목넘김_모름,장건강,0,0,0,1,0
505,505,뉴트리코어여성유산균이너프로바이오틱스,,,,,1,0,맛없다,신맛 단맛,재구매의사_모름,좋음,장건강 질건강,0,1,0,0,1
506,506,닥터프로바이오틱스맨유산균,,,,,0,0,맛없다,신맛 단맛,있음,좋음,장건강 질건강,0,1,0,0,1
507,507,닥터루트스트바이오틱스프롤린모유유산균,,,,,1,0,맛_모름,단맛 유제품맛 신맛 과일맛,있음,좋음,장건강 질건강 다이어트,1,0,0,0,0
508,508,닥터린인케어,,,,,1,0,맛_모름,단맛 유제품맛 신맛 과일맛,있음,좋음,장건강 질건강,1,0,0,0,0
509,509,닥터머콜라컴플리트프로바이오틱스유산균캡슐,,,,,1,0,맛없다,유제품맛 신맛 단맛,재구매의사_모름,좋음,장건강,0,1,0,0,1
510,510,닥터브라이언인텐스프로바이오틱스100,,,,,1,0,맛_모름,신맛 단맛,재구매의사_모름,불편,장건강,1,0,0,1,0
511,511,닥터브라이언인텐스프로바이오틱스100+,,,,,1,0,맛_모름,맛상세_없음,재구매의사_모름,목넘김_모름,장건강,0,0,0,1,0
512,512,닥터신바이오오한진프리바이오틱스FOS프락토올리고당플러스월유익균먹이,,,,,1,0,맛있다,유제품맛 신맛 단맛,있음,좋음,장건강,1,1,0,0,0
513,513,단비100억유산균베이비,,,,,1,0,맛_모름,유제품맛 신맛,있음,좋음,장건강,1,0,0,0,0
514,514,대상하루유산균19아연&비타민D,,,,,1,0,맛_모름,신맛 단맛,재구매의사_모름,좋음,장건강,1,0,0,0,0
515,515,대상웰라이프하루유산균19,,,,,1,0,맛있다,단맛 신맛 과일맛,재구매의사_모름,좋음,장건강 질건강,1,1,0,0,0
516,516,대웅제약락피더스,,,,,1,0,맛_모름,단맛,있음,좋음,장건강,1,0,0,0,0
517,517,대원제약유기농장대원,,,,,1,0,맛_모름,신맛 단맛,있음,목넘김_모름,장건강,1,0,0,0,0
518,518,더리얼100억유산균2.0장용성프로바이오틱스,,,,,1,0,맛없다,신맛,있음,좋음,장건강,0,0,0,0,1
519,519,더리얼장건강락토생유산균,,,,,0,0,맛_모름,맛상세_없음,재구매의사_모름,목넘김_모름,장건강,0,0,0,1,0
520,520,데이라이프아이바이오베이비키즈생유산균,,,,,1,0,맛있다,단맛 신맛 과일맛,있음,좋음,장건강 질건강,1,1,0,0,0
521,521,데이즈온오한진프로바이오틱스플러스,,,,,1,0,맛_모름,신맛 단맛,있음,좋음,장건강 질건강,1,0,0,0,0
522,522,데이즈온오한진프리바이오틱스FOS트리플,,,,,1,0,맛없다,신맛 단맛,있음,좋음,장건강,0,1,0,0,1
523,523,데이즈온오한진프리바이오틱스FOS플러스,,,,,1,0,맛없다,단맛 유제품맛 신맛 과일맛,있음,좋음,장건강 질건강,0,1,0,0,1
524,524,데이즈온오한진프리바이오틱스FOS플러스+,,,,,0,0,맛_모름,유제품맛 신맛 단맛,재구매의사_모름,불편,장건강,1,0,0,1,0
525,525,데일리원람노서스이브유산균,,,,,1,0,맛없다,유제품맛 신맛 단맛,있음,좋음,장건강 질건강,0,1,0,0,1
526,526,데일리원스트바이오틱스모유유산균,,,,,1,0,맛_모름,유제품맛 신맛 단맛,있음,불편,장건강 다이어트,1,0,0,0,0
527,527,데일리원전소민마이크로바이옴유산균4세대생유산균낙산균스트바이오틱스,,,,,1,0,맛_모름,유제품맛 신맛 단맛,있음,좋음,장건강,1,0,0,0,0
528,528,데일리프로프리미엄모유유산균프로바이오틱스,,,,,1,0,맛없다,유제품맛 신맛 단맛,있음,좋음,장건강 질건강,0,1,0,0,1
529,529,덴프스덴마크유산균이야기,,,,,1,1,맛있다,신맛 단맛,있음,좋음,장건강 질건강 다이어트,1,1,0,0,0
530,530,덴프스덴마크유산균이야기베베8ml,,,,,1,1,맛_모름,신맛,있음,좋음,장건강,1,0,0,0,0
531,531,덴프스덴마크유산균이야기베이직,,,,,1,1,맛_모름,유제품맛 단맛,있음,좋음,장건강,1,0,0,0,0
532,532,덴프스덴마크유산균이야기키즈,,,,,1,1,맛_모름,신맛 단맛,재구매의사_모름,불편,장건강 질건강,1,0,0,1,0
533,533,덴프스프리바이오틱스이뮨월,,,,,1,0,맛_모름,신맛 단맛,재구매의사_모름,좋음,장건강,1,0,0,0,0
534,534,둘코화이버망고맛,,,,,1,0,맛있다,신맛 단맛,있음,좋음,장건강,1,1,0,0,0
535,535,둘코화이버사과맛,,,,,1,0,맛_모름,단맛 신맛 과일맛,있음,좋음,장건강,1,0,0,0,0
536,536,듀오락데일리츄어블프로바이오틱스,,,,,1,0,맛있다,유제품맛 신맛 과일맛 단맛,재구매의사_모름,좋음,장건강,1,1,0,0,0
537,537,듀오락데일리키즈신바이오틱스유산균딸기맛,,,,,1,0,맛있다,유제품맛 신맛 단맛,있음,좋음,장건강,1,1,0,0,0
538,538,듀오락데일리키즈프로바이오틱스,,,,,1,0,맛_모름,단맛 신맛 과일맛,재구매의사_모름,좋음,장건강,1,0,0,0,0
539,539,듀오락듀오디드롭스프로바이오틱스&비타민D,,,,,1,0,맛_모름,유제품맛 신맛,있음,좋음,장건강,1,0,0,0,0
540,540,듀오락바이탈리티프로바이오틱스유산균,,,,,0,0,맛_모름,맛상세_없음,있음,좋음,장건강,1,0,0,0,0
541,541,듀오락생유산균초코볼,,,,,1,0,맛없다,유제품맛 신맛 단맛,있음,좋음,장건강 질건강,0,1,0,0,1
542,542,듀오락온가족유산균,,,,,1,0,맛_모름,신맛 단맛,재구매의사_모름,좋음,장건강,1,0,0,0,0
543,543,듀오락유기농골드프로바이오틱스,,,,,0,0,맛_모름,단맛,있음,목넘김_모름,장건강 질건강,1,0,0,1,0
544,544,듀오락유기농베이비프로바이오틱스,,,,,1,0,맛_모름,단맛,재구매의사_모름,불편,장건강,0,0,0,1,0
545,545,듀오락키즈유산균,,,,,1,0,맛_모름,유제품맛 신맛 단맛,있음,좋음,장건강,1,0,0,0,0
546,546,드시모네곰돌이츄어블플러스프로바이오틱스,,,,,1,1,맛없다,유제품맛 신맛 단맛,있음,좋음,장건강 질건강,0,1,0,0,1
547,547,드시모네데일리프로바이오틱스,,,,,0,1,맛없다,유제품맛 신맛,있음,좋음,장건강,0,1,0,0,1
548,548,드시모네듀얼스틱장케어유산균,,,,,1,1,맛_모름,신맛 단맛,재구매의사_모름,좋음,장건강,1,0,0,0,0
549,549,드시모네장면역다이어트30팩,,,,,0,1,맛없다,신맛 단맛,있음,좋음,장건강 질건강 다이어트,0,1,0,0,1
550,550,드시모네키즈스텝1블루베리향,,,,,1,1,맛있다,신맛 단맛,재구매의사_모름,목넘김_모름,장건강,0,0,1,1,0
551,551,드시모네키즈스텝1블루베리향유산균,,,,,1,1,맛_모름,신맛 과일맛 단맛,있음,좋음,장건강,1,0,0,0,0
552,552,드시모네키즈스텝1사과향,,,,,0,1,맛_모름,신맛 단맛,있음,목넘김_모름,장건강,1,0,0,0,0
553,553,드시모네프로바이오틱스베이비스텝2,,,,,1,1,맛있다,유제품맛 신맛 과일맛 단맛,있음,좋음,장건강 질건강,1,1,0,0,0
554,554,드시모네프로바이오틱스캡슐,,,,,1,1,맛_모름,신맛,있음,좋음,장건강,1,0,0,0,0
555,555,드시모네프로바이오틱스키즈스텝1사과향,,,,,1,1,맛없다,신맛 과일맛 단맛,있음,좋음,장건강,0,1,0,0,1
556,556,드시모네프로바이오틱스키즈프리미엄,,,,,1,1,맛있다,신맛 단맛,있음,좋음,장건강,1,1,0,0,0
557,557,드시모네프리미엄플러스,,,,,1,1,맛_모름,유제품맛 신맛,있음,불편,장건강,1,0,0,0,0
558,558,라이프익스텐션플로라시스트프리바이오틱스트로베리츄어블타블렛,,,,,1,0,맛있다,단맛,재구매의사_모름,좋음,장건강,0,1,0,0,0
559,559,락토테미프리바이오틱스분말가루파우더국내산대용량프락토올리고당유익균유산균먹이신바이오틱스,,,,,1,0,맛있다,단맛 신맛 과일맛,있음,불편,장건강 질건강 다이어트,1,1,1,0,0
560,560,락토톡생유산균,,,,,0,0,맛_모름,신맛 단맛,있음,좋음,장건강,1,0,0,0,0
561,561,락토톡생유산균+C,,,,,0,0,맛있다,유제품맛 신맛 과일맛 단맛,재구매의사_모름,좋음,장건강 다이어트,1,1,0,0,0
562,562,락토톡생유산균+면역,,,,,0,0,맛없다,단맛 신맛 과일맛,재구매의사_모름,좋음,장건강,0,1,0,0,1
563,563,락토톡생유산균+피부,,,,,0,0,맛없다,단맛 신맛 과일맛,재구매의사_모름,좋음,장건강 질건강 다이어트,0,1,0,0,1
564,564,락토팡생유산균프리미엄패밀리,,,,,1,0,맛없다,단맛 유제품맛 신맛 과일맛,있음,좋음,장건강 질건강 다이어트,0,1,0,0,1
565,565,락토핏골드,,,,,0,1,맛있다,유제품맛 신맛 과일맛 단맛,있음,좋음,장건강 질건강,1,1,0,0,0
566,566,락토핏맘스,,,,,1,0,맛_모름,신맛 단맛,있음,좋음,장건강 질건강 다이어트,1,0,0,0,0
567,567,락토핏뷰티,,,,,1,0,맛_모름,신맛 단맛,있음,불편,장건강,1,0,0,0,0
568,568,락토핏생유산균골드더블,,,,,0,0,맛_모름,신맛 과일맛 단맛,재구매의사_모름,불편,장건강,1,0,0,1,0
569,569,락토핏생유산균골드리뉴얼,,,,,1,0,맛_모름,신맛,재구매의사_모름,목넘김_모름,장건강,1,0,0,0,0
570,570,락토핏생유산균베베,,,,,1,0,맛없다,단맛 유제품맛 신맛,있음,좋음,장건강 질건강 다이어트,0,1,0,0,1
571,571,락토핏생유산균키즈,,,,,0,0,맛없다,유제품맛 신맛 과일맛 단맛,있음,좋음,장건강,0,1,0,0,1
572,572,락토핏솔루션스킨유산균,,,,,0,0,맛_모름,신맛,있음,목넘김_모름,장건강,1,0,0,0,0
573,573,락토핏솔루션1,,,,,0,0,맛있다,신맛 단맛,재구매의사_모름,좋음,장건강,1,1,0,0,0
574,574,락토핏솔루션1락토핏솔루션2,,,,,1,0,맛_모름,신맛 단맛,있음,좋음,장건강 질건강,1,0,0,0,0
575,575,락토핏슬림,,,,,0,0,맛없다,단맛 신맛 과일맛,재구매의사_모름,목넘김_모름,장건강 질건강 다이어트,0,0,0,1,0
576,576,락토핏이브,,,,,0,0,맛없다,신맛 과일맛 단맛,있음,좋음,장건강 질건강,0,1,0,0,1
577,577,락토핏코어,,,,,1,1,맛있다,신맛 단맛,있음,불편,장건강,1,1,0,0,0
578,578,락토핏키즈,,,,,1,0,맛없다,단맛 유제품맛 신맛 과일맛,있음,좋음,장건강 질건강,0,1,0,0,1
579,579,락토핏?골드50+더블,,,,,1,0,맛_모름,단맛 신맛 과일맛,있음,좋음,장건강 질건강,1,0,0,0,0
580,580,락티브시크릿유산균,,,,,0,0,맛_모름,신맛 단맛,있음,불편,장건강 질건강,1,0,0,0,0
581,581,락티브시크릿케어유산균,,,,,1,0,맛없다,단맛 신맛 과일맛,있음,좋음,장건강 질건강,0,1,0,0,1
582,582,락티브유산균,,,,,0,0,맛_모름,맛상세_없음,재구매의사_모름,목넘김_모름,장건강,0,0,0,1,0
583,583,락티브패밀리유산균,,,,,1,0,맛_모름,신맛,있음,좋음,장건강 질건강,1,0,0,0,0
584,584,락티브프로바이오틱스패밀리유산균,,,,,1,0,맛_모름,신맛,있음,좋음,장건강 질건강,1,0,0,0,0
585,585,락피도프로바이오틱스드롭스베이비,,,,,0,0,맛_모름,유제품맛 신맛 단맛,재구매의사_모름,좋음,장건강,1,0,0,0,0
586,586,락피도프로바이오틱스키즈플러스,,,,,1,0,맛없다,신맛 단맛,있음,좋음,장건강,0,1,0,0,1
587,587,랩커버리한방에삼,,,,,1,0,맛_모름,맛상세_없음,재구매의사_모름,목넘김_모름,장건강,0,0,0,1,0
588,588,로엘프롤린모유유래유산균,,,,,0,0,맛_모름,유제품맛 신맛 단맛,재구매의사_모름,좋음,장건강 다이어트,1,0,0,1,0
589,589,리얼닥터멀티바이오틱스100억생유산균,,,,,1,0,맛없다,단맛 유제품맛 신맛,있음,좋음,장건강 질건강 다이어트,0,1,0,0,1
590,590,리얼닥터100억유산균,,,,,1,0,맛없다,단맛 신맛 과일맛,있음,좋음,장건강 질건강,0,1,0,0,1
591,591,리얼닥터프로프리바이오틱스,,,,,1,0,맛있다,유제품맛 신맛 과일맛 단맛,있음,좋음,장건강 질건강,1,1,0,0,0
592,592,마미스블리스프로바이오틱유산균드롭+비타민D,,,,,0,0,맛_모름,신맛,재구매의사_모름,좋음,장건강 질건강,1,0,0,0,0
593,593,메디트리락토프로바이오생유산균17아연,,,,,1,0,맛있다,신맛 단맛,있음,좋음,장건강 질건강 다이어트,1,1,0,0,0
594,594,메이준뉴트리슈퍼마이크로바이옴신바이오틱스,,,,,1,0,맛없다,신맛 과일맛,있음,목넘김_모름,장건강,0,1,0,0,1
595,595,메이준뉴트리슈퍼프로바이오틱스17,,,,,0,0,맛_모름,맛상세_없음,있음,좋음,장건강,1,0,0,0,0
596,596,메이플트리장용성100억프로바이오틱스생유산균,,,,,1,0,맛_모름,유제품맛 신맛 단맛,있음,좋음,장건강 질건강,1,0,0,0,0
597,597,4세대모유유래유산균BNR17비엔알17,,,,,1,0,맛_모름,신맛 단맛,재구매의사_모름,좋음,장건강 질건강,0,0,0,0,0
598,598,bnr17다이어트유산균비에날씬,,,,,0,0,맛없다,신맛 단맛,있음,좋음,장건강,0,0,0,0,0
599,599,미궁3대장사랑,,,,,0,0,맛_모름,신맛 단맛,있음,좋음,장건강,1,0,0,0,0
600,600,미궁3대장사랑오리지널,,,,,0,0,맛_모름,신맛 단맛,있음,좋음,장건강 다이어트,1,0,0,0,0
601,601,미궁3대장사랑프리미엄,,,,,1,0,맛있다,단맛 신맛 과일맛,있음,좋음,장건강,1,1,0,0,0
602,602,바디닥터스프로바이오틱스클래식,,,,,1,0,맛없다,단맛 유제품맛 신맛 과일맛,있음,좋음,장건강 질건강 다이어트,0,1,0,0,1
603,603,바료랑어린이면역프로바이오틱스유산균월,,,,,0,0,맛없다,유제품맛 신맛 과일맛 단맛,있음,좋음,장건강 질건강,0,1,0,0,1
604,604,바료랑장건강프로바이오틱스,,,,,0,0,맛_모름,신맛 과일맛 단맛,재구매의사_모름,목넘김_모름,장건강,1,0,0,1,0
605,605,바료랑패밀리프로바이오틱스,,,,,1,0,맛_모름,단맛 신맛 과일맛,있음,좋음,장건강 질건강,1,0,0,0,0
606,606,바름가프로바이오생유산균골드더블업,,,,,0,0,맛없다,유제품맛 신맛 과일맛 단맛,재구매의사_모름,좋음,장건강 다이어트,0,1,0,0,1
607,607,바름가프로바이오생유산균퍼스트,,,,,0,0,맛_모름,유제품맛 신맛 단맛,있음,좋음,장건강 다이어트,1,0,0,0,0
608,608,바이오가이아프로텍티스이지드롭프로바이오틱스+비타민D영양제,,,,,0,0,맛없다,유제품맛 신맛 단맛,있음,좋음,장건강 질건강,0,1,0,0,1
609,609,바이오코어CJ건강한생유산균100억,,,,,0,0,맛있다,단맛 유제품맛 신맛 과일맛,있음,좋음,장건강 질건강 다이어트,1,1,0,0,0
610,610,바이탈뷰티녹차에서온유산균,,,,,0,0,맛없다,신맛 단맛,있음,불편,장건강,0,1,0,0,1
611,611,바이탈헬스바이탈슬림차전자피쾌변올인원,,,,,1,0,맛_모름,단맛,있음,불편,장건강,1,0,0,0,0
612,612,베스처덴마크프로바이오틱스데일리,,,,,1,0,맛있다,신맛,있음,좋음,장건강,1,0,0,0,0
613,613,베이비락골든플레인생유산균,,,,,1,0,맛_모름,단맛 유제품맛 신맛 과일맛,있음,좋음,장건강 질건강,1,0,0,0,0
614,614,베이비락생유산균비타민D유아영양제,,,,,0,0,맛없다,유제품맛 신맛 단맛,있음,좋음,장건강 질건강,0,1,0,0,1
615,615,블랙모어스장건강프로바이오틱스플러스100억유산균,,,,,1,0,맛_모름,신맛 단맛,있음,좋음,장건강 다이어트,1,0,0,0,0
616,616,블랙모어스장건강프로바이오틱스플러스100억유산균+,,,,,0,0,맛_모름,맛상세_없음,있음,좋음,장건강,1,0,0,0,0
617,617,비비랩저분자콜라겐유산균,,,,,0,0,맛_모름,단맛 신맛 과일맛,있음,좋음,장건강 질건강,1,0,0,0,0
618,618,비비랩질유래특허여성유산균장건강면역케어복합기능성혼합유산균아연건강기능식품,,,,,0,0,맛없다,신맛 단맛,있음,좋음,장건강 질건강,0,1,0,0,1
619,619,비비랩프로바이오틱스더블유,,,,,0,0,맛_모름,신맛 단맛,재구매의사_모름,좋음,장건강 질건강,1,0,0,1,0
620,620,비비랩프리바이오틱스,,,,,0,0,맛없다,유제품맛 신맛 단맛,재구매의사_모름,좋음,장건강,0,1,0,0,1
621,621,비오비타배배낙산균,,,,,0,0,맛_모름,유제품맛 신맛 단맛,있음,좋음,장건강,1,0,0,0,0
622,622,비오비타배배낙산균유산균분말스틱,,,,,0,0,맛없다,유제품맛 신맛 단맛,있음,좋음,장건강 질건강,0,1,0,0,1
623,623,비오비타배배유산균낙산균,,,,,1,0,맛_모름,유제품맛 신맛,있음,좋음,장건강 질건강,1,0,0,0,0
624,624,비오비타우리아이쾌변젤리,,,,,0,0,맛_모름,단맛 신맛 과일맛,재구매의사_모름,좋음,장건강 질건강 다이어트,1,0,0,1,0
625,625,비오비타일동제약우리아이쾌변젤리,,,,,1,0,맛없다,단맛 신맛 과일맛,있음,좋음,장건강 질건강 다이어트,0,1,0,0,1
626,626,비오비타패밀리낙산균,,,,,1,0,맛없다,단맛 유제품맛 신맛 과일맛,있음,좋음,장건강,0,1,0,0,1
627,627,비오비타패밀리낙산균미니정제,,,,,0,0,맛_모름,유제품맛 신맛 단맛,재구매의사_모름,좋음,장건강,1,0,0,0,0
628,628,비타민마을신스트바이오틱스프로바이오틱스프리바이오틱스프롤린모유유산균,,,,,0,0,맛_모름,맛상세_없음,재구매의사_모름,목넘김_모름,장건강,0,0,0,1,0
629,629,비타민마을퍼펙트바이오틱스W프로바이오틱스,,,,,0,0,맛있다,단맛 유제품맛 신맛 과일맛,있음,불편,장건강 질건강 다이어트,1,1,1,0,0
630,630,비타민마을퍼펙트바이오틱스슈퍼프로바이오틱스19생유산균,,,,,1,0,맛없다,단맛 신맛 과일맛,있음,좋음,장건강 질건강 다이어트,0,1,0,0,1
631,631,비타민마을퍼펙트바이오틱스슈퍼프로바이오틱스모유유산균,,,,,1,0,맛_모름,맛상세_없음,재구매의사_모름,목넘김_모름,장건강,0,0,0,1,0
632,632,비타민하우스프리바이오틱스,,,,,0,0,맛없다,신맛 과일맛 단맛,있음,좋음,장건강,0,1,0,0,1
633,633,비타할로100억유산균프로바이오틱스,,,,,1,0,맛없다,신맛 단맛,재구매의사_모름,좋음,장건강 질건강 다이어트,0,1,0,0,1
634,634,비타할로10억생유산균키즈,,,,,1,0,맛없다,유제품맛 단맛,재구매의사_모름,좋음,장건강,0,1,0,0,0
635,635,비타할로마이크로바이옴프로바이오틱스,,,,,0,0,맛없다,유제품맛 신맛 과일맛 단맛,재구매의사_모름,좋음,장건강,0,1,0,0,1
636,636,비타할로온가족생유산균,,,,,0,0,맛없다,단맛 유제품맛 신맛 과일맛,있음,좋음,장건강 질건강 다이어트,0,1,0,0,1
637,637,비타할로키즈생유산균프리미엄,,,,,0,0,맛없다,유제품맛 신맛 과일맛 단맛,있음,좋음,장건강 질건강,0,1,0,0,1
638,638,비타할로프리바이오틱스,,,,,0,0,맛없다,유제품맛 신맛 단맛,재구매의사_모름,좋음,장건강 질건강,0,1,0,0,1
639,639,비투온스트바이오틱스100억맥스,,,,,0,0,맛_모름,신맛 단맛,있음,좋음,장건강,1,0,0,0,0
640,640,삼진제약프로바이오피부엔진유산균,,,,,1,0,맛_모름,신맛 단맛,있음,좋음,장건강 질건강,1,0,0,0,0
641,641,서울대연구진개발700억투입100억생균보장이너이뮨100억프로바이오틱스면역력에좋은아연비타민D셀레늄면역력환절기건강,,,,,0,0,맛_모름,신맛 단맛,재구매의사_모름,좋음,장건강 질건강,1,0,0,1,0
642,642,서울약사신협프로바이오생유산균2.,,,,,1,0,맛있다,유제품맛 신맛 단맛,있음,좋음,장건강,1,1,0,0,0
643,643,서울약사신협프로바이오생유산균골드,,,,,0,0,맛없다,유제품맛 신맛 단맛,있음,좋음,장건강 질건강,0,1,0,0,1
644,644,서울약사신협프로바이오생유산균맥스,,,,,0,0,맛_모름,유제품맛 신맛 단맛,있음,좋음,장건강,1,0,0,0,0
645,645,서울약사신협프로바이오틱스생유산균,,,,,1,0,맛없다,유제품맛 신맛 과일맛 단맛,있음,좋음,장건강 질건강,0,1,0,0,1
646,646,서울약사신협프로바이오틱스생유산균골드,,,,,0,0,맛없다,유제품맛 신맛 단맛,있음,좋음,장건강 질건강,0,1,0,0,1
647,647,세노비스수퍼바이오틱스,,,,,0,0,맛없다,유제품맛 신맛 단맛,있음,좋음,장건강,0,1,0,0,1
648,648,세노비스수퍼바이오틱스+철분,,,,,0,0,맛_모름,신맛,있음,좋음,장건강,1,0,0,0,0
649,649,세노비스수퍼바이오틱스유산균,,,,,1,0,맛없다,신맛 단맛,있음,좋음,장건강 질건강,0,1,0,0,1
650,650,세노비스슈퍼바이오틱스+철분,,,,,0,0,맛있다,유제품맛 신맛,있음,불편,장건강,1,0,0,0,0
651,651,세노비스이지오픈어린이수퍼바이오틱스유산균딸기맛,,,,,0,0,맛_모름,신맛 단맛,있음,목넘김_모름,장건강,1,0,0,0,0
652,652,세노비스키즈수퍼바이오틱스,,,,,0,0,맛있다,신맛 단맛,있음,좋음,장건강,1,1,0,0,0
653,653,세노비스프로바이오틱스데일리,,,,,1,0,맛없다,단맛 신맛 과일맛,재구매의사_모름,좋음,장건강,0,1,0,0,1
654,654,센트룸프로바이오100,,,,,0,0,맛없다,신맛 단맛,있음,좋음,장건강,0,1,0,0,1
655,655,셀렉스면역프로바이오틱스,,,,,0,0,맛_모름,신맛 단맛,재구매의사_모름,좋음,장건강 질건강,1,0,0,1,0
656,656,셀렉스면역프로바이오틱스유산균&amp;아연1병,,,,,1,0,맛있다,유제품맛 신맛,있음,좋음,장건강 질건강,1,0,0,0,0
657,657,셀렉스썬화이버프리바이오틱스1캔구아검가수분해물,,,,,0,0,맛없다,신맛 단맛,있음,좋음,장건강 질건강,0,1,0,0,1
658,658,셀렉스썬화이버프리바이오틱스2캔구아검가수분해물,,,,,0,0,맛_모름,단맛,재구매의사_모름,좋음,장건강,1,0,0,0,0
659,659,셀렉스썬화이버프리바이오틱스스틱구아검가수분해물,,,,,0,0,맛_모름,신맛 단맛,재구매의사_모름,좋음,장건강,1,0,0,0,0
660,660,셀트리온이너랩면역엔N50억유산균,,,,,0,0,맛없다,유제품맛 신맛 단맛,있음,좋음,장건강 질건강 다이어트,0,1,0,0,1
661,661,셀트리온이너랩면역엔N50억유산균30P,,,,,1,0,맛없다,유제품맛 신맛 단맛,있음,좋음,장건강 질건강 다이어트,0,1,0,0,1
662,662,셀티바프로바이오틱다이어트더블업,,,,,0,0,맛_모름,신맛,있음,불편,장건강 질건강 다이어트,1,0,0,0,0
663,663,소버스이너윌유산균,,,,,0,0,맛_모름,신맛,재구매의사_모름,좋음,장건강 질건강,1,0,0,0,0
664,664,솔가멀티빌리언도필루스프로바이오틱스,,,,,0,0,맛_모름,신맛 단맛,있음,좋음,장건강 질건강,1,0,0,0,0
665,665,솔가어드밴스40+애시도필러스베지터블캡슐,,,,,0,0,맛_모름,신맛 단맛,있음,좋음,장건강,1,0,0,0,0
666,666,솔가어드밴스멀티-빌리언도필러스베지터블캡슐,,,,,0,0,맛없다,신맛 단맛,있음,좋음,장건강 질건강,0,1,0,0,1
667,667,수암제약파워락프로바이오틱스혼합유산균스트바이오틱스아연엽산비타민D주원료,,,,,0,0,맛_모름,맛상세_없음,재구매의사_모름,목넘김_모름,장건강,0,0,0,1,0
668,668,순수식품프롤린모유생유산균스트프로바이오틱스,,,,,0,0,맛없다,유제품맛 신맛 단맛,있음,좋음,장건강 질건강,0,1,0,0,1
669,669,순수식품100억보장프로바이오틱스생유산균캐나다직수입신바이오틱스프리바이오틱스,,,,,0,0,맛없다,신맛,재구매의사_모름,불편,장건강,0,0,0,0,1
670,670,순수식품프리바이오틱스FOS4300아연프락토올리고당,,,,,0,0,맛_모름,유제품맛 신맛 단맛,재구매의사_모름,좋음,장건강 질건강 다이어트,1,0,0,1,0
671,671,슈퍼프리프로바이오틱스,,,,,0,0,맛없다,단맛 유제품맛 신맛,있음,좋음,장건강 질건강 다이어트,0,1,0,0,1
672,672,스완슨락토바실러스가세리BNR17비엔알17프로바이오틱스비에날씬다이어트모유유래유산균영양제,,,,,0,0,맛_모름,맛상세_없음,재구매의사_모름,목넘김_모름,장건강,0,0,0,1,0
673,673,스완슨락토바실러스액시도필러스2빌리언CFU캡슐,,,,,0,0,맛_모름,신맛 단맛,재구매의사_모름,좋음,장건강 질건강,1,0,0,1,0
674,674,스완슨얼티미트1스트레인프로바이오틱FOS베지DR캡,,,,,0,0,맛없다,신맛 단맛,재구매의사_모름,좋음,장건강 질건강,0,1,0,0,1
675,675,스완슨프로바이오틱+프리바이오틱파이버500밀리언CFU베지캡,,,,,0,0,맛_모름,신맛 단맛,있음,좋음,장건강 다이어트,1,0,0,0,0
676,676,스트바이오틱스모유유산균프로바이오틱스프리바이오틱스가루분말신바이오틱스유산균먹이프락토올리고당락토바실러스가세리스틱,,,,,0,0,맛없다,유제품맛 신맛 과일맛 단맛,재구매의사_모름,좋음,장건강,0,1,0,0,1
677,677,듀폰다니스코유산균,,,,,0,0,맛없다,유제품맛 신맛 과일맛 단맛,재구매의사_모름,좋음,장건강,0,0,0,0,0
678,678,아리즈웰트리플바이오틱스,,,,,0,0,맛_모름,맛상세_없음,재구매의사_모름,좋음,장건강,1,0,0,0,0
679,679,아이즈몽키즈츄어블유산균1병,,,,,0,0,맛_모름,단맛 신맛 과일맛,재구매의사_모름,좋음,장건강 질건강,1,0,0,1,0
680,680,아이힐비너스유산균,,,,,0,0,맛없다,신맛 단맛,재구매의사_모름,좋음,장건강 질건강,0,1,0,0,1
681,681,안국건강안심생균프리업프리바이오틱스,,,,,1,0,맛_모름,단맛 유제품맛 신맛 과일맛,있음,좋음,장건강 질건강,1,0,0,0,0
682,682,애드마일스차전자피식이섬유,,,,,1,0,맛_모름,신맛 과일맛,있음,좋음,장건강,1,0,0,0,0
683,683,야쿠르트프로바이오틱스유산균,,,,,0,0,맛_모름,유제품맛 신맛 단맛,있음,좋음,장건강 질건강,1,0,0,0,0
684,684,에스더뮬러닥터에스더프리바이오틱스블루,,,,,0,0,맛없다,유제품맛 신맛 단맛,있음,좋음,장건강 질건강,0,1,0,0,1
685,685,에스더뮬러울트라플로라프로바이오틱스데일리,,,,,0,0,맛없다,신맛 단맛,있음,좋음,장건강 질건강,0,1,0,0,1
686,686,에이토솔루션비피도락프리바이오틱스,,,,,0,0,맛없다,유제품맛 신맛 단맛,재구매의사_모름,좋음,장건강 질건강,0,1,0,0,1
687,687,에이토솔루션스트프로바이오틱스,,,,,0,0,맛없다,신맛 단맛,있음,좋음,장건강,0,1,0,0,1
688,688,에치와이야쿠르트젤리스틱,,,,,0,0,맛_모름,유제품맛 신맛 단맛,있음,목넘김_모름,장건강,1,0,1,0,0
689,689,에치와이야쿠르트프로바이오틱스,,,,,0,0,맛없다,유제품맛 신맛 단맛,있음,좋음,장건강 질건강,0,1,0,0,1
690,690,엔도스bykurly100억생유산균프로바이오틱스18,,,,,0,0,맛_모름,맛상세_없음,있음,좋음,장건강,1,0,0,0,0
691,691,엔젯오리진오랄프로바이오틱스,,,,,0,0,맛없다,단맛 신맛 과일맛,재구매의사_모름,불편,장건강,0,1,0,0,1
692,692,여성질유산균락토필듀오유렉스프로바이오틱스개별인정형건강기능식품,,,,,0,0,맛있다,신맛 단맛,있음,좋음,장건강 질건강,1,1,0,0,0
693,693,여에스더유산균클래식,,,,,1,0,맛_모름,신맛,있음,좋음,장건강,1,0,0,0,0
694,694,여에스더질유래유산균화이트,,,,,1,0,맛_모름,맛상세_없음,재구매의사_모름,목넘김_모름,장건강 질건강,0,0,0,1,0
695,695,오한진프리바이오틱스FOS플러스,,,,,0,0,맛없다,유제품맛 신맛 단맛,있음,좋음,장건강 질건강 다이어트,0,1,0,0,1
696,696,웰러스폴리시아프롤린모유유산균,,,,,0,0,맛없다,신맛 단맛,있음,좋음,장건강,0,1,0,0,1
697,697,웰리카다이어트플러스프로바이오틱스,,,,,0,0,맛없다,신맛 단맛,재구매의사_모름,좋음,장건강 다이어트,0,1,0,0,1
698,698,웰핏락토페린식약청인증HACCP글루타치온300모로오렌지모로실,,,,,0,0,맛없다,단맛 유제품맛 신맛 과일맛,있음,좋음,장건강 질건강 다이어트,0,1,0,0,1
699,699,위시헬씨유산균앤다이어트비컴핏,,,,,0,0,맛없다,신맛 과일맛 단맛,재구매의사_모름,좋음,장건강 질건강 다이어트,0,1,0,0,1
700,700,위클리랩액티블리,,,,,1,0,맛_모름,유제품맛 신맛 단맛,재구매의사_모름,불편,장건강 질건강,1,0,0,1,0
701,701,유유제약뉴장안에화제유산균,,,,,0,0,맛없다,신맛 단맛,있음,좋음,장건강,0,1,0,0,1
702,702,유한양행엘레나,,,,,0,0,맛있다,맛상세_없음,있음,불편,장건강 질건강,1,0,1,0,0
703,703,유한양행엘레나유산균월여성건강프로바이오틱스,,,,,0,0,맛없다,유제품맛 신맛 단맛,있음,좋음,장건강 질건강,0,1,0,0,1
704,704,이너랩면역엔N50억유산균,,,,,0,0,맛없다,유제품맛 신맛 단맛,있음,좋음,장건강 질건강,0,1,0,0,1
705,705,일동제약마이니굿모닝100억유산균,,,,,0,0,맛_모름,맛상세_없음,있음,좋음,장건강,1,0,0,0,0
706,706,일동제약비오비타맘스유산균,,,,,0,0,맛없다,단맛 유제품맛 신맛 과일맛,있음,좋음,장건강 질건강 다이어트,0,1,0,0,1
707,707,일동제약비오비타배배,,,,,0,0,맛_모름,맛상세_없음,재구매의사_모름,목넘김_모름,장건강,0,0,0,1,0
708,708,일동제약비오비타키즈,,,,,0,0,맛없다,유제품맛 신맛 과일맛 단맛,있음,좋음,장건강 질건강,0,1,0,0,1
709,709,일동제약비오비타패밀리프리미엄유산균분말스틱,,,,,0,0,맛_모름,단맛 유제품맛 신맛 과일맛,있음,좋음,장건강 질건강,1,0,0,0,0
710,710,일동제약지큐랩100억생유산균골드,,,,,0,1,맛_모름,신맛 단맛,있음,불편,장건강 질건강,1,0,0,0,0
711,711,일동제약지큐랩스트바이오틱스알에이치티,,,,,0,1,맛없다,단맛 유제품맛 신맛 과일맛,있음,좋음,장건강 다이어트,0,1,0,0,1
712,712,일양약품신바이오틱스3000유산균,,,,,0,0,맛없다,유제품맛 신맛 과일맛 단맛,재구매의사_모름,좋음,장건강,0,1,0,0,1
713,713,일양약품신바이오틱스3000골드,,,,,0,0,맛없다,유제품맛 신맛 단맛,있음,좋음,장건강 질건강 다이어트,0,1,0,0,1
714,714,일양약품이너프로바이오틱스유산균베네핏,,,,,0,0,맛없다,단맛 유제품맛 신맛 과일맛,있음,좋음,장건강 질건강 다이어트,0,1,0,0,1
715,715,일양약품장건강듀오프로바이오틱스골드,,,,,0,0,맛없다,단맛 신맛 과일맛,있음,좋음,장건강 질건강,0,1,0,0,1
716,716,일양약품장건강마이크로바이옴메가바이오틱스프로프리바이오틱스생유산균,,,,,0,0,맛있다,유제품맛 신맛 과일맛 단맛,있음,좋음,장건강 다이어트,1,1,0,0,0
717,717,일양약품장건강스트바이오틱스,,,,,0,0,맛있다,유제품맛 신맛 과일맛 단맛,있음,좋음,장건강 다이어트,1,1,0,0,0
718,718,자로우도피러스EPS이피에스,,,,,0,0,맛있다,신맛 단맛,있음,좋음,장건강 질건강,1,1,0,0,0
719,719,자로우도필러스이피에스,,,,,0,0,맛_모름,맛상세_없음,재구매의사_모름,좋음,장건강,1,0,0,0,0
720,720,자로우우먼즈더블업펨도피러스,,,,,0,0,맛_모름,신맛 단맛,있음,좋음,장건강 질건강,1,0,0,0,0
721,721,자로우우먼즈펨도피러스,,,,,0,0,맛없다,신맛 단맛,있음,좋음,장건강 질건강,0,1,0,0,1
722,722,자로우우먼즈펨도필러스,,,,,0,0,맛_모름,맛상세_없음,재구매의사_모름,목넘김_모름,장건강,0,0,0,1,0
723,723,자미에슨프로바이오틱스100억,,,,,0,0,맛_모름,유제품맛 신맛 단맛,있음,좋음,장건강 질건강 다이어트,1,0,0,0,0
724,724,자연의품격100억유산균프로바이오틱스,,,,,0,0,맛없다,단맛 신맛 과일맛,있음,좋음,장건강 질건강,0,1,0,0,1
725,725,장인정신에브리데이유산균연구소10억프로바이오틱스,,,,,0,0,맛_모름,신맛 단맛,재구매의사_모름,좋음,장건강 질건강,1,0,0,1,0
726,726,장인정신에브리데이유산균연구소닥터츄어블,,,,,0,0,맛_모름,맛상세_없음,재구매의사_모름,목넘김_모름,장건강,0,0,0,1,0
727,727,재로우뮬라도피러스유산균라즈베리맛타블렛,,,,,0,0,맛_모름,단맛 신맛 과일맛,있음,좋음,장건강 질건강,1,0,0,0,0
728,728,재로우뮬라울트라자로우-도피러스유산균베지캡,,,,,0,0,맛있다,신맛 단맛,있음,좋음,장건강 질건강,1,1,0,0,0
729,729,재로우뮬라재로-도필러스+FOS유산균캡슐,,,,,0,0,맛_모름,신맛 단맛,재구매의사_모름,좋음,장건강 질건강,1,0,0,1,0
730,730,재로우사카로미세스보울라디+MOS유산균베지캡,,,,,1,0,맛없다,유제품맛 신맛 과일맛 단맛,있음,좋음,장건강 질건강,0,1,0,0,1
731,731,재로우우먼펨-도필러스유산균베지테리안캡슐,,,,,0,0,맛없다,신맛 단맛,있음,좋음,장건강 질건강,0,1,0,0,1
732,732,재로우재로우도필러스프로바이오틱+GOS프리바이오틱어린이유산균,,,,,0,0,맛없다,유제품맛 신맛 단맛,있음,좋음,장건강,0,1,0,0,1
733,733,재로우재로우-도필러스키즈프로바이오틱+프리바이오틱내추럴라즈베리어린이유산균츄어블타블렛,,,,,0,0,맛없다,신맛 과일맛 단맛,있음,좋음,장건강 질건강,0,1,0,0,1
734,734,재로우프로바이오틱+프리바이오틱블랙베리맛구미,,,,,0,0,맛없다,단맛 신맛 과일맛,있음,좋음,장건강 질건강,0,1,0,0,1
735,735,정관장홍이장군키즈랩프로바이오틱스,,,,,0,0,맛_모름,단맛,재구매의사_모름,불편,장건강,0,0,0,1,0
736,736,종근당락토핏생유산균골드프로바이오틱스아연유산균라토픽,,,,,0,0,맛없다,신맛 단맛,재구매의사_모름,좋음,장건강 질건강,0,1,0,0,1
737,737,종근당락토핏생유산균코어,,,,,1,0,맛없다,단맛 신맛 과일맛,있음,좋음,장건강,0,1,0,0,1
738,738,종근당락토핏생유산균코어생유산균,,,,,0,0,맛없다,단맛 신맛 과일맛,있음,좋음,장건강,0,1,0,0,1
739,739,종근당프리바이오틱스프락토올리고당FOS유산균,,,,,1,0,맛없다,단맛 유제품맛 신맛 과일맛,있음,좋음,장건강 질건강 다이어트,0,1,0,0,1
740,740,종근당건강락토핏골드,,,,,0,1,맛없다,단맛 유제품맛 신맛,있음,좋음,장건강 질건강 다이어트,0,1,0,0,1
741,741,종근당건강락토핏골드유산균,,,,,0,1,맛_모름,단맛 신맛 과일맛,있음,좋음,장건강 질건강 다이어트,1,0,0,0,0
742,742,종근당건강락토핏생유산균뷰티,,,,,0,0,맛없다,단맛 신맛 과일맛,있음,좋음,장건강 질건강 다이어트,0,1,0,0,1
743,743,종근당건강락토핏생유산균골드,,,,,0,0,맛있다,신맛 단맛,있음,좋음,장건강,1,1,0,0,0
744,744,종근당건강락토핏솔루션1둔감한장,,,,,0,0,맛없다,유제품맛 신맛 단맛,재구매의사_모름,좋음,장건강 다이어트,0,1,0,0,1
745,745,종근당건강락토핏솔루션2예민한장,,,,,0,0,맛있다,신맛 단맛,재구매의사_모름,좋음,장건강 질건강,1,1,0,0,0
746,746,종근당건강락토핏슬림,,,,,0,0,맛없다,신맛 단맛,있음,좋음,장건강 질건강 다이어트,0,1,0,0,1
747,747,종근당건강락토핏코어생유산균,,,,,0,1,맛없다,단맛 신맛 과일맛,있음,좋음,장건강,0,1,0,0,1
748,748,종근당건강락토핏생유산균,,,,,0,0,맛_모름,신맛 단맛,재구매의사_모름,좋음,장건강,1,0,0,0,0
749,749,종근당건강프리바이오틱스,,,,,0,0,맛있다,맛상세_없음,있음,목넘김_모름,장건강 질건강,0,0,1,0,0
750,750,종근당건강프리바이오틱스에프오에스,,,,,1,0,맛없다,단맛 유제품맛 신맛,있음,좋음,장건강 질건강 다이어트,0,1,0,0,1
751,751,지노프레쉬건강해질여성유산균,,,,,0,0,맛_모름,신맛 단맛,있음,좋음,장건강 질건강,1,0,0,0,0
752,752,지노프레쉬크랜베리에빠진유산균,,,,,0,0,맛있다,단맛 신맛 과일맛,있음,불편,장건강 질건강,1,1,1,0,0
753,753,지큐랩100억생유산균골드,,,,,0,1,맛없다,신맛 단맛,있음,좋음,장건강 질건강,0,1,0,0,1
754,754,지큐랩우리아이유산균멀티비타츄어블,,,,,0,1,맛없다,단맛 신맛 과일맛,있음,좋음,장건강 질건강,0,1,0,0,1
755,755,지큐랩이너프로바이오틱스,,,,,0,1,맛없다,신맛 과일맛 단맛,있음,좋음,장건강 질건강,0,1,0,0,1
756,756,차바이오메디라이프마더스프리바이오틱스,,,,,0,0,맛있다,유제품맛 신맛 단맛,재구매의사_모름,목넘김_모름,장건강 질건강,0,0,1,1,0
757,757,체지방감소유산균다이어트프로바이오틱스프리바이오틱스락토바실러스가세리모유유산균lgg유산균생유산균가르시니아스틱,,,,,0,0,맛_모름,단맛 신맛 과일맛,재구매의사_모름,좋음,장건강 다이어트,1,0,0,1,0
758,758,캐나다500억바이탈프로바이오틱스모유lgg유산균월,,,,,0,0,맛없다,신맛 단맛,재구매의사_모름,좋음,장건강 질건강,0,1,0,0,1
759,759,캐나다500억투입100억유산균바이탈프로바이오틱스,,,,,1,0,맛없다,신맛 단맛,재구매의사_모름,좋음,장건강 질건강,0,1,0,0,1
760,760,캘리니아골드뉴트리션프로바이오틱스유산균300억+starburst,,,,,1,0,맛없다,신맛 단맛,재구매의사_모름,좋음,장건강 다이어트,0,1,0,0,1
761,761,캘리니아골드뉴트리션CGN락토비프프로바이오틱스300억유산균,,,,,0,0,맛_모름,단맛,있음,좋음,장건강 질건강,1,0,0,0,0
762,762,컬처렐다이제스티브헬스,,,,,0,1,맛_모름,단맛,재구매의사_모름,좋음,장건강,1,0,0,0,0
763,763,컬처렐다이제스티브헬스프로바이오틱스,,,,,0,1,맛있다,신맛 단맛,있음,좋음,장건강 질건강 다이어트,1,1,0,0,0
764,764,컬처렐헬스앤웰니스유산균8.,,,,,0,0,맛없다,유제품맛 신맛 단맛,있음,좋음,장건강 질건강 다이어트,0,1,0,0,1
765,765,컬처렐헬스앤웰니스프로바이오틱150억베지테리안캡슐,,,,,0,0,맛_모름,맛상세_없음,재구매의사_모름,목넘김_모름,장건강,0,0,0,1,0
766,766,케어엔장건강엔프로바이오틱스,,,,,0,0,맛_모름,신맛 단맛,있음,좋음,장건강,1,0,0,0,0
767,767,쿠팡수입재로우도필러스이피에스유산균영양제,,,,,0,0,맛없다,신맛 단맛,있음,좋음,장건강 질건강,0,1,0,0,1
768,768,크리스찬한센덴마크유산균이야기,,,,,0,1,맛없다,신맛 단맛,있음,좋음,장건강,0,1,0,0,1
769,769,클린케어스트바이오틱스프롤린유산균,,,,,0,0,맛없다,단맛 유제품맛 신맛 과일맛,있음,좋음,장건강 질건강 다이어트,0,1,0,0,1
770,770,트루아상프로바이오틱스유산균,,,,,0,0,맛없다,신맛 단맛,재구매의사_모름,좋음,장건강 다이어트,0,1,0,0,1
771,771,트루헬퍼여성용Y케어특급질유래유산균프로바이오틱스,,,,,0,0,맛_모름,맛상세_없음,재구매의사_모름,목넘김_모름,장건강,0,0,0,1,0
772,772,튼튼닷컴생유산균-본사직발송-정품,,,,,0,0,맛_모름,신맛 단맛,재구매의사_모름,불편,장건강 질건강,1,0,0,1,0
773,773,티읕티읕프리미엄50억CFU보장여성질유래유산균W,,,,,0,0,맛_모름,신맛 단맛,있음,좋음,장건강 질건강,1,0,0,0,0
774,774,파스퇴르아이생각베이비제왕생유산균,,,,,0,0,맛없다,유제품맛 신맛 단맛,있음,좋음,장건강 질건강 다이어트,0,1,0,0,1
775,775,파파비오아빠가만든파파유산균베이비징크비타D비타민D+아연,,,,,0,0,맛없다,유제품맛 신맛,있음,좋음,장건강,0,1,0,0,1
776,776,파파유산균키즈비타민D+아연+100억유산균,,,,,0,0,맛_모름,유제품맛 신맛 단맛,재구매의사_모름,좋음,장건강 질건강,1,0,0,1,0
777,777,퍼펙토낙산균스트바이오틱스프롤린루테리가세리,,,,,0,0,맛없다,유제품맛 신맛 단맛,재구매의사_모름,목넘김_모름,장건강,0,1,0,0,1
778,778,퍼펙토스트바이오틱스프롤린모유유산균,,,,,0,0,맛없다,단맛 유제품맛 신맛,있음,좋음,장건강 질건강 다이어트,0,1,0,0,1
779,779,퍼펙토스트바이오틱스프롤린모유유산균스틱,,,,,0,0,맛_모름,맛상세_없음,있음,좋음,장건강,1,0,0,0,0
780,780,퍼펙토프롤린모유유산균,,,,,0,0,맛없다,유제품맛 신맛 단맛,있음,좋음,장건강 질건강,0,1,0,0,1
781,781,퍼펙트바이오틱스슈퍼프로바이오틱스코어유산균,,,,,0,0,맛있다,단맛 신맛 과일맛,있음,좋음,장건강 질건강 다이어트,1,1,0,0,0
782,782,퍼펙트바이오틱스알로에프로바이오틱스아연,,,,,0,0,맛_모름,신맛 단맛,있음,좋음,장건강 다이어트,1,0,0,0,0
783,783,편안한자연발효곡물소화효소스트바이오틱스유산균,,,,,0,0,맛없다,유제품맛 신맛 단맛,있음,좋음,장건강 질건강,0,1,0,0,1
784,784,풀무원나한테바나나유산균,,,,,0,0,맛없다,단맛 유제품맛 신맛 과일맛,있음,좋음,장건강 질건강 다이어트,0,1,0,0,1
785,785,풀무원다논간솔루션골드,,,,,0,0,맛_모름,유제품맛 신맛 단맛,있음,좋음,장건강,1,0,0,0,0
786,786,프로비던스숨맑은유산균,,,,,0,0,맛없다,신맛 단맛,재구매의사_모름,목넘김_모름,장건강,0,1,0,0,1
787,787,프로비던스시크릿유산균,,,,,0,0,맛_모름,신맛,있음,좋음,장건강 질건강,1,0,0,0,0
788,788,프로스랩키즈프로바이오틱스프리미엄,,,,,0,0,맛_모름,신맛 단맛,있음,좋음,장건강 질건강,1,0,0,0,0
789,789,피토틱스레드,,,,,0,0,맛있다,단맛 신맛 과일맛,있음,좋음,장건강 질건강 다이어트,1,1,0,0,0
790,790,피토틱스블랙,,,,,0,0,맛_모름,신맛,있음,좋음,장건강,1,0,0,0,0
791,791,피토틱스옐로우,,,,,0,0,맛있다,신맛 단맛,있음,좋음,장건강 질건강,1,1,0,0,0
792,792,피토틱스옐로우프리미엄,,,,,0,0,맛없다,신맛 단맛,재구매의사_모름,불편,장건강 질건강,0,1,0,0,1
793,793,피토틱스오피스멀티팩,,,,,0,0,맛_모름,신맛,있음,좋음,장건강,1,0,0,0,0
794,794,하이뮨프로틴밸런스7캔전용스푼,,,,,0,0,맛_모름,맛상세_없음,재구매의사_모름,목넘김_모름,장건강,0,0,0,1,0
795,795,하이퍼바이오틱스프리바이오틱유산균파우더,,,,,0,0,맛없다,유제품맛 신맛 단맛,재구매의사_모름,좋음,장건강 질건강 다이어트,0,1,0,0,1
796,796,한국바이오셀여성건강유산균,,,,,0,0,맛없다,단맛 신맛 과일맛,있음,불편,장건강 질건강,0,1,0,0,1
797,797,한미양행낙산균을채우다,,,,,0,0,맛_모름,신맛 단맛,재구매의사_모름,좋음,장건강,1,0,0,0,0
798,798,한미헬스케어프로바이오틱스골드플러스유산균,,,,,0,0,맛_모름,단맛 신맛 과일맛,있음,좋음,장건강 질건강,1,0,0,0,0
799,799,헬스앤뷰티장비움프로젝트,,,,,0,0,맛없다,단맛 신맛 과일맛,있음,좋음,장건강 질건강 다이어트,0,1,0,0,1
800,800,헬시오리진스내추럴프로바이오틱유산균300억CFU브이캡,,,,,0,1,맛없다,신맛 단맛,있음,좋음,장건강 다이어트,0,1,0,0,1
801,801,헬씨허그모유유산균스트바이오틱스신바이오틱스락토바실러스가세리여성유산균,,,,,0,0,맛_모름,맛상세_없음,있음,목넘김_모름,장건강,1,0,0,0,0
802,802,헬퍼장베이비키즈생유산균,,,,,0,0,맛없다,유제품맛 신맛 단맛,있음,좋음,장건강 질건강,0,1,0,0,1
803,803,헬퍼장프리미엄혼합유산균,,,,,0,0,맛_모름,유제품맛 신맛 단맛,있음,좋음,장건강 다이어트,1,0,0,0,0
804,804,홀리데이즈매일상쾌한쾌변쑤욱변프로바이오틱스건강기능식품,,,,,0,0,맛없다,단맛 신맛 과일맛,재구매의사_모름,좋음,장건강 다이어트,0,1,0,0,1
805,805,힐링스쿨다이어트유산균모유유래생유산균100억슬림체지방감소프로바이오틱스배변활동원활3기능성식약처인정건강기능식품비우다장선생,,,,,0,0,맛_모름,단맛 신맛 과일맛,있음,좋음,장건강 질건강 다이어트,1,0,0,0,0
